customer_id,recency,frequency,monetary,R_score,F_score,M_score,rfm_score,customer_segment
12346,326,12,77556.46,2,5,5,255,At Risk
16754,372,29,65500.07,2,5,5,255,At Risk
13093,276,55,54083.05,2,5,5,255,At Risk
17850,372,155,50605.630000000005,2,5,5,255,At Risk
13902,632,5,34023.26,1,4,5,145,At Risk
12482,576,27,21387.32,1,5,5,155,At Risk
15808,306,21,16999.35,2,5,5,255,At Risk
13564,354,36,15768.85,2,5,5,255,At Risk
17448,529,41,14352.07,1,5,5,155,At Risk
18087,291,16,13908.720000000001,2,5,5,255,At Risk
13952,218,14,12097.161,2,5,5,255,At Risk
14134,383,15,11123.35,2,5,5,255,At Risk
15032,256,8,11010.05,2,4,5,245,At Risk
14828,197,13,9749.460000000001,2,5,5,255,At Risk
17504,206,18,9490.17,2,5,5,255,At Risk
14063,687,7,9471.5,1,4,5,145,At Risk
17230,264,18,9296.69,2,5,5,255,At Risk
14439,320,5,9094.74,2,4,5,245,At Risk
14160,610,7,8421.47,1,4,5,145,At Risk
13206,400,13,8302.39,2,5,5,255,At Risk
13715,281,17,8100.84,2,5,5,255,At Risk
18231,192,28,6848.27,2,5,5,255,At Risk
15413,692,5,6798.72,1,4,5,145,At Risk
14154,239,8,6460.7,2,4,5,245,At Risk
15369,492,11,6251.26,1,5,5,155,At Risk
13615,319,8,6115.03,2,4,5,245,At Risk
14105,239,5,5988.83,2,4,5,245,At Risk
12835,428,41,5896.98,1,5,5,155,At Risk
14249,411,12,5400.461,1,5,5,155,At Risk
14442,205,7,5336.42,2,4,5,245,At Risk
16546,291,5,5307.07,2,4,5,245,At Risk
12755,281,11,5236.26,2,5,5,255,At Risk
14081,302,10,4854.2300000000005,2,5,5,255,At Risk
13659,206,12,4854.08,2,5,5,255,At Risk
13044,291,11,4812.1,2,5,5,255,At Risk
17829,299,5,4756.74,2,4,5,245,At Risk
15332,366,6,4739.68,2,4,5,245,At Risk
13958,380,8,4674.43,2,4,5,245,At Risk
17508,281,8,4564.23,2,5,5,255,At Risk
14685,576,8,4530.9400000000005,1,4,5,145,At Risk
14625,196,11,4467.28,2,5,5,255,At Risk
14648,416,15,4426.54,1,5,5,155,At Risk
17138,276,7,4417.27,2,4,5,245,At Risk
15633,509,13,4335.96,1,5,5,155,At Risk
16125,367,14,4277.35,2,5,5,255,At Risk
16858,369,10,4233.1900000000005,2,5,5,255,At Risk
14740,197,11,4161.06,2,5,5,255,At Risk
17406,333,13,4154.25,2,5,5,255,At Risk
16072,288,4,4101.99,2,4,5,245,At Risk
14025,465,8,4057.9,1,4,5,145,At Risk
17307,395,11,3999.8900000000003,2,5,5,255,At Risk
13542,377,17,3954.45,2,5,5,255,At Risk
14465,247,11,3911.65,2,5,5,255,At Risk
14532,236,11,3845.78,2,5,5,255,At Risk
16636,438,4,3802.04,1,4,5,145,At Risk
17646,219,12,3795.29,2,5,5,255,At Risk
13446,430,11,3760.57,1,5,5,155,At Risk
12857,211,6,3672.7,2,4,5,245,At Risk
13357,257,5,3644.71,2,4,5,245,At Risk
14770,232,8,3637.6400000000003,2,4,5,245,At Risk
15079,213,11,3575.0,2,5,5,255,At Risk
14817,200,7,3557.66,2,4,5,245,At Risk
15222,319,11,3550.91,2,5,5,255,At Risk
16336,421,4,3517.69,1,4,5,145,At Risk
17597,214,5,3422.89,2,4,5,245,At Risk
15538,538,6,3358.4,1,4,5,145,At Risk
13707,267,5,3335.26,2,4,5,245,At Risk
12623,276,7,3269.94,2,4,5,245,At Risk
12872,327,12,3243.16,2,5,5,255,At Risk
16351,333,13,3225.63,2,5,5,255,At Risk
13214,418,7,3216.23,1,4,5,145,At Risk
14669,242,7,3206.58,2,4,5,245,At Risk
12468,188,5,3203.64,2,4,5,245,At Risk
15057,275,5,3194.76,2,4,5,245,At Risk
12976,212,8,3138.98,2,4,5,245,At Risk
17145,513,4,3120.91,1,4,5,145,At Risk
13786,367,6,3112.9900000000002,2,4,5,245,At Risk
13052,212,7,3080.38,2,4,5,245,At Risk
13031,407,5,3057.94,2,4,5,245,At Risk
13485,233,11,3015.2200000000003,2,5,5,255,At Risk
14161,216,7,2976.53,2,4,5,245,At Risk
16736,506,5,2956.56,1,4,5,145,At Risk
17032,603,5,2896.69,1,4,5,145,At Risk
16718,369,5,2883.68,2,4,5,245,At Risk
16467,509,7,2869.16,1,4,5,145,At Risk
14590,425,20,2832.42,1,5,4,154,At Risk
13963,308,17,2786.17,2,5,4,254,At Risk
16335,552,7,2741.92,1,4,4,144,At Risk
12986,429,10,2729.84,1,5,4,154,At Risk
15353,255,7,2720.52,2,4,4,244,At Risk
17241,385,12,2716.7400000000002,2,5,4,254,At Risk
13819,302,6,2642.35,2,4,4,244,At Risk
15235,218,16,2641.36,2,5,4,254,At Risk
12982,243,8,2630.51,2,4,4,244,At Risk
14195,202,6,2615.6,2,4,4,244,At Risk
16499,360,8,2547.7400000000002,2,5,4,254,At Risk
16889,195,6,2526.65,2,4,4,244,At Risk
17550,197,9,2506.64,2,5,4,254,At Risk
12978,385,5,2502.82,2,4,4,244,At Risk
16202,361,9,2501.9900000000002,2,5,4,254,At Risk
13762,219,5,2472.48,2,4,4,244,At Risk
17465,426,7,2450.9900000000002,1,4,4,144,At Risk
16163,232,6,2407.98,2,4,4,244,At Risk
16812,361,4,2392.0,2,4,4,244,At Risk
14496,312,7,2363.89,2,4,4,244,At Risk
14256,260,5,2361.94,2,4,4,244,At Risk
16105,249,5,2351.39,2,4,4,244,At Risk
16742,493,13,2334.9700000000003,1,5,4,154,At Risk
15015,501,13,2321.27,1,5,4,154,At Risk
18095,313,5,2303.09,2,4,4,244,At Risk
15638,379,6,2265.2,2,4,4,244,At Risk
17113,574,6,2262.84,1,4,4,144,At Risk
16883,187,19,2233.0099999999998,2,5,4,254,At Risk
13478,469,5,2215.78,1,4,4,144,At Risk
13059,250,10,2213.67,2,5,4,254,At Risk
12802,187,5,2186.42,2,4,4,244,At Risk
18051,634,7,2180.28,1,4,4,144,At Risk
15944,277,4,2164.24,2,4,4,244,At Risk
15100,334,7,2163.2999999999997,2,4,4,244,At Risk
17822,420,5,2152.63,1,4,4,144,At Risk
17732,373,8,2146.38,2,5,4,254,At Risk
16004,475,5,2134.79,1,4,4,144,At Risk
13152,417,7,2131.38,1,4,4,144,At Risk
16823,227,7,2127.49,2,4,4,244,At Risk
15658,190,8,2117.27,2,4,4,244,At Risk
14399,394,8,2108.21,2,4,4,244,At Risk
15456,283,10,2081.38,2,5,4,254,At Risk
16176,421,4,2052.69,1,4,4,144,At Risk
18009,235,8,2052.43,2,5,4,254,At Risk
13874,358,7,2049.15,2,4,4,244,At Risk
14000,211,5,2046.34,2,4,4,244,At Risk
14988,212,7,2038.65,2,4,4,244,At Risk
16331,432,6,2037.7,1,4,4,144,At Risk
12975,437,6,2032.89,1,4,4,144,At Risk
16197,469,9,2016.71,1,5,4,154,At Risk
17152,195,4,2016.5,2,4,4,244,At Risk
13693,374,9,1977.02,2,5,4,254,At Risk
16065,365,8,1969.53,2,5,4,254,At Risk
16529,190,4,1940.4,2,4,4,244,At Risk
18258,464,6,1938.35,1,4,4,144,At Risk
16619,264,4,1938.3300000000002,2,4,4,244,At Risk
16290,465,4,1935.2,1,4,4,144,At Risk
14492,430,7,1921.91,1,4,4,144,At Risk
18220,227,6,1921.76,2,4,4,244,At Risk
15789,358,6,1911.61,2,4,4,244,At Risk
16631,482,7,1892.52,1,4,4,144,At Risk
15381,214,5,1890.57,2,4,4,244,At Risk
16032,456,6,1873.92,1,4,4,144,At Risk
14896,205,8,1821.05,2,4,4,244,At Risk
14870,262,6,1804.15,2,4,4,244,At Risk
13561,216,11,1803.4,2,5,4,254,At Risk
16797,393,5,1799.12,2,4,4,244,At Risk
17165,284,6,1794.32,2,4,4,244,At Risk
18214,531,4,1775.99,1,4,4,144,At Risk
16124,317,4,1772.49,2,4,4,244,At Risk
15972,456,5,1769.33,1,4,4,144,At Risk
16692,256,4,1764.6999999999998,2,4,4,244,At Risk
15777,241,7,1762.6100000000001,2,4,4,244,At Risk
14850,312,7,1759.56,2,4,4,244,At Risk
16510,372,6,1757.25,2,4,4,244,At Risk
13648,400,8,1754.03,2,4,4,244,At Risk
13711,219,9,1753.5,2,5,4,254,At Risk
16087,389,5,1739.92,2,4,4,244,At Risk
12932,539,8,1698.56,1,4,4,144,At Risk
16010,246,11,1687.61,2,5,4,254,At Risk
15326,334,5,1685.52,2,4,4,244,At Risk
18239,219,6,1677.46,2,4,4,244,At Risk
15911,624,8,1668.79,1,4,4,144,At Risk
16329,428,4,1664.92,1,4,4,144,At Risk
16634,223,6,1649.81,2,4,4,244,At Risk
15607,337,9,1629.53,2,5,4,254,At Risk
15167,321,5,1621.82,2,4,4,244,At Risk
16625,275,5,1619.23,2,4,4,244,At Risk
15013,488,10,1610.82,1,5,4,154,At Risk
16725,302,13,1601.06,2,5,4,254,At Risk
13554,380,7,1591.0,2,4,4,244,At Risk
15422,323,7,1590.27,2,4,4,244,At Risk
16096,264,4,1584.97,2,4,4,244,At Risk
13202,394,7,1580.3,2,4,4,244,At Risk
14136,401,5,1570.81,2,4,4,244,At Risk
12549,576,5,1570.68,1,4,4,144,At Risk
17851,422,6,1552.35,1,4,4,144,At Risk
17454,192,10,1547.94,2,5,4,254,At Risk
15732,212,10,1543.97,2,5,4,254,At Risk
17990,237,6,1527.6100000000001,2,4,4,244,At Risk
14186,427,5,1515.83,1,4,4,144,At Risk
17610,540,5,1511.94,1,4,4,144,At Risk
15279,355,5,1510.64,2,4,4,244,At Risk
16037,270,5,1509.3400000000001,2,4,4,244,At Risk
14682,188,6,1502.06,2,4,4,244,At Risk
15590,382,5,1496.6,2,4,4,244,At Risk
13740,241,5,1491.57,2,4,4,244,At Risk
15173,381,7,1457.4,2,4,4,244,At Risk
17582,236,5,1441.1499999999999,2,4,4,244,At Risk
18106,330,6,1441.06,2,4,4,244,At Risk
13531,205,6,1433.07,2,4,4,244,At Risk
17438,254,5,1422.77,2,4,4,244,At Risk
13239,262,5,1418.8899999999999,2,4,4,244,At Risk
15223,226,5,1417.95,2,4,4,244,At Risk
17496,359,4,1412.89,2,4,4,244,At Risk
13649,257,6,1397.88,2,4,4,244,At Risk
13382,281,5,1387.58,2,4,4,244,At Risk
16167,414,5,1386.12,1,4,4,144,At Risk
15751,461,11,1380.44,1,5,4,154,At Risk
16727,364,4,1377.77,2,4,4,244,At Risk
15580,377,8,1375.39,2,4,4,244,At Risk
17714,321,5,1375.38,2,4,4,244,At Risk
14316,422,5,1370.34,1,4,4,144,At Risk
14114,274,7,1364.09,2,4,4,244,At Risk
16588,386,4,1361.28,2,4,4,244,At Risk
14320,207,5,1346.75,2,4,4,244,At Risk
18085,330,4,1341.8500000000001,2,4,4,244,At Risk
17150,377,6,1341.1000000000001,2,4,4,244,At Risk
13506,316,5,1338.08,2,4,4,244,At Risk
16756,215,7,1312.3700000000001,2,4,4,244,At Risk
12765,472,6,1299.58,1,4,4,144,At Risk
13440,423,7,1295.25,1,4,4,144,At Risk
16296,626,4,1293.8700000000001,1,4,4,144,At Risk
17142,239,4,1275.25,2,4,4,244,At Risk
17862,324,4,1252.34,2,4,4,244,At Risk
17343,355,6,1239.54,2,4,4,244,At Risk
16159,282,4,1232.79,2,4,4,244,At Risk
14821,367,7,1230.15,2,4,4,244,At Risk
13019,379,6,1229.95,2,4,4,244,At Risk
16946,383,5,1222.04,2,4,4,244,At Risk
13243,203,5,1217.83,2,4,4,244,At Risk
14512,188,7,1215.97,2,4,4,244,At Risk
15661,317,8,1215.95,2,4,4,244,At Risk
13443,449,6,1207.18,1,4,4,144,At Risk
15141,458,7,1204.87,1,4,4,144,At Risk
13405,204,5,1198.81,2,4,4,244,At Risk
17713,382,4,1198.09,2,4,4,244,At Risk
13723,217,6,1194.08,2,4,3,243,At Risk
16471,275,4,1189.98,2,4,3,243,At Risk
17239,313,4,1189.45,2,4,3,243,At Risk
14275,396,6,1189.3799999999999,2,4,3,243,At Risk
17342,380,4,1179.54,2,4,3,243,At Risk
17021,442,6,1179.3700000000001,1,4,3,143,At Risk
13293,392,6,1177.94,2,4,3,243,At Risk
18025,380,6,1177.72,2,4,3,243,At Risk
18071,258,6,1169.68,2,4,3,243,At Risk
16926,371,5,1169.6100000000001,2,4,3,243,At Risk
13497,283,6,1166.8300000000002,2,4,3,243,At Risk
14693,265,7,1165.3600000000001,2,4,3,243,At Risk
17978,365,4,1159.99,2,4,3,243,At Risk
16838,197,4,1159.6100000000001,2,4,3,243,At Risk
17127,429,5,1155.0300000000002,1,4,3,143,At Risk
17770,199,5,1143.27,2,4,3,243,At Risk
17908,374,5,1137.37,2,4,3,243,At Risk
12402,323,6,1136.9,2,4,3,243,At Risk
18218,211,4,1121.84,2,4,3,243,At Risk
16769,260,4,1117.05,2,4,3,243,At Risk
16702,415,4,1109.53,1,4,3,143,At Risk
14370,451,6,1099.28,1,4,3,143,At Risk
17137,416,6,1081.96,1,4,3,143,At Risk
16306,214,6,1081.82,2,4,3,243,At Risk
16231,379,4,1074.47,2,4,3,243,At Risk
17726,395,7,1064.16,2,4,3,243,At Risk
15879,404,4,1061.35,2,4,3,243,At Risk
16391,401,4,1047.61,2,4,3,243,At Risk
15882,199,8,1046.78,2,4,3,243,At Risk
13613,453,5,1039.8500000000001,1,4,3,143,At Risk
13065,373,5,1039.75,2,4,3,243,At Risk
13462,253,5,1029.65,2,4,3,243,At Risk
15003,473,6,1023.28,1,4,3,143,At Risk
16787,398,4,1017.53,2,4,3,243,At Risk
16623,246,4,1015.24,2,4,3,243,At Risk
17578,218,7,1005.41,2,4,3,243,At Risk
17871,205,5,999.83,2,4,3,243,At Risk
15508,189,6,997.11,2,4,3,243,At Risk
16699,380,7,994.6,2,4,3,243,At Risk
13857,393,6,985.61,2,4,3,243,At Risk
16130,422,4,974.78,1,4,3,143,At Risk
13223,200,6,969.12,2,4,3,243,At Risk
14454,376,5,962.0,2,4,3,243,At Risk
14615,394,5,951.76,2,4,3,243,At Risk
17955,199,6,949.9,2,4,3,243,At Risk
16947,236,4,946.71,2,4,3,243,At Risk
17356,312,5,946.47,2,4,3,243,At Risk
14994,382,5,942.77,2,4,3,243,At Risk
16199,392,7,942.75,2,4,3,243,At Risk
16661,540,4,932.76,1,4,3,143,At Risk
13288,443,5,927.61,1,4,3,143,At Risk
17849,218,8,923.51,2,5,3,253,At Risk
17322,376,5,922.59,2,4,3,243,At Risk
17472,191,4,909.95,2,4,3,243,At Risk
16034,196,6,908.77,2,4,3,243,At Risk
17604,217,6,906.33,2,4,3,243,At Risk
17362,239,7,886.39,2,4,3,243,At Risk
17062,314,6,884.71,2,4,3,243,At Risk
17708,188,4,882.9300000000001,2,4,3,243,At Risk
16387,323,5,882.46,2,4,3,243,At Risk
14437,366,5,873.34,2,4,3,243,At Risk
17746,240,4,869.38,2,4,3,243,At Risk
15266,338,5,852.21,2,4,3,243,At Risk
14686,414,5,845.48,1,4,3,143,At Risk
17358,303,5,838.0600000000001,2,4,3,243,At Risk
15224,358,5,836.56,2,4,3,243,At Risk
15759,218,7,830.9300000000001,2,4,3,243,At Risk
17003,402,4,828.21,2,4,3,243,At Risk
17332,528,5,827.77,1,4,3,143,At Risk
15107,311,9,824.35,2,5,3,253,At Risk
17281,374,6,797.85,2,4,3,243,At Risk
16155,382,5,796.9,2,4,3,243,At Risk
17952,378,4,782.66,2,4,3,243,At Risk
16565,364,4,773.05,2,4,3,243,At Risk
14247,278,5,753.56,2,4,3,243,At Risk
18190,192,5,745.62,2,4,3,243,At Risk
17889,212,7,744.32,2,4,3,243,At Risk
15420,434,6,743.0,1,4,3,143,At Risk
16048,373,4,731.7900000000001,2,4,3,243,At Risk
17548,234,4,731.26,2,4,3,243,At Risk
17681,597,5,731.2,1,4,3,143,At Risk
14176,297,5,728.86,2,4,3,243,At Risk
17141,418,4,727.58,1,4,3,143,At Risk
18078,217,4,725.53,2,4,3,243,At Risk
12573,227,5,717.41,2,4,3,243,At Risk
17860,369,4,709.19,2,4,3,243,At Risk
17051,194,4,703.46,2,4,3,243,At Risk
17825,599,4,701.96,1,4,3,143,At Risk
16658,368,5,680.83,2,4,3,243,At Risk
16226,203,5,672.17,2,4,3,243,At Risk
16862,547,4,662.33,1,4,3,143,At Risk
17375,199,4,660.55,2,4,3,243,At Risk
15715,556,5,658.02,1,4,3,143,At Risk
15945,365,4,646.27,2,4,3,243,At Risk
17963,471,4,643.16,1,4,3,143,At Risk
12791,374,5,641.53,2,4,3,243,At Risk
17691,358,4,637.55,2,4,3,243,At Risk
16158,522,9,628.32,1,5,3,153,At Risk
17639,276,6,615.17,2,4,3,243,At Risk
17035,246,4,613.59,2,4,3,243,At Risk
16792,282,5,609.71,2,4,3,243,At Risk
15717,234,5,607.0,2,4,3,243,At Risk
17845,555,4,596.09,1,4,2,142,At Risk
17968,374,4,590.44,2,4,2,242,At Risk
12601,190,6,573.26,2,4,2,242,At Risk
18039,374,4,548.22,2,4,2,242,At Risk
17580,253,5,538.07,2,4,2,242,At Risk
15890,395,5,535.65,2,4,2,242,At Risk
15917,248,5,530.17,2,4,2,242,At Risk
14616,243,5,527.78,2,4,2,242,At Risk
16707,400,4,503.11,2,4,2,242,At Risk
15881,312,5,501.39,2,4,2,242,At Risk
16977,395,4,496.0,2,4,2,242,At Risk
15447,331,5,492.88,2,4,2,242,At Risk
13413,640,6,429.44,1,4,2,142,At Risk
17740,389,6,426.90000000000003,2,4,2,242,At Risk
16356,198,6,415.87,2,4,2,242,At Risk
15960,374,4,410.95,2,4,2,242,At Risk
16827,393,5,387.18,2,4,2,242,At Risk
17753,464,4,382.06,1,4,2,142,At Risk
16544,520,4,376.70000000000005,1,4,2,142,At Risk
17912,310,6,371.6,2,4,2,242,At Risk
17200,387,4,356.71,2,4,2,242,At Risk
15873,500,4,313.91999999999996,1,4,2,142,At Risk
13346,463,6,299.4,1,4,2,142,At Risk
17808,549,4,262.64,1,4,1,141,At Risk
18002,376,4,237.62,2,4,1,241,At Risk
15359,663,8,181.35,1,4,1,141,At Risk
17763,263,4,86.15,2,4,1,241,At Risk
16446,1,2,168472.5,5,2,5,525,Big Spenders
12357,33,2,17269.06,4,2,5,425,Big Spenders
15195,3,1,3861.0,5,1,5,515,Big Spenders
16240,24,2,3699.0,4,2,5,425,Big Spenders
13868,7,2,3192.54,5,2,5,525,Big Spenders
12438,14,2,2414.65,5,2,4,524,Big Spenders
17313,31,1,2328.84,4,2,4,424,Big Spenders
13365,34,2,2225.37,4,2,4,424,Big Spenders
12397,36,2,2130.3,4,2,4,424,Big Spenders
15531,8,2,1933.14,5,2,4,524,Big Spenders
12560,5,2,1847.21,5,2,4,524,Big Spenders
12531,15,2,1771.2,5,2,4,524,Big Spenders
16751,31,1,1764.72,4,2,4,424,Big Spenders
12762,8,2,1702.52,5,2,4,524,Big Spenders
16491,47,2,1533.16,4,2,4,424,Big Spenders
12847,22,2,1523.95,4,2,4,424,Big Spenders
12784,15,2,1511.15,5,2,4,524,Big Spenders
12882,9,2,1463.04,5,2,4,524,Big Spenders
14567,57,2,1425.96,4,2,4,424,Big Spenders
12398,46,1,1405.66,4,1,4,414,Big Spenders
15444,9,2,1394.36,5,2,4,524,Big Spenders
13396,29,2,1360.99,4,2,4,424,Big Spenders
12646,5,2,1346.97,5,2,4,524,Big Spenders
15398,16,2,1345.53,5,2,4,524,Big Spenders
16669,24,2,1332.88,4,2,4,424,Big Spenders
14921,30,2,1316.07,4,2,4,424,Big Spenders
14856,36,2,1280.33,4,2,4,424,Big Spenders
14474,46,2,1258.89,4,2,4,424,Big Spenders
13918,50,2,1212.8400000000001,4,2,4,424,Big Spenders
16653,16,2,1212.66,5,2,4,524,Big Spenders
12985,1,2,1208.78,5,2,4,524,Big Spenders
18102,1,145,573427.32,5,5,5,555,Champions
14646,2,145,523944.57,5,5,5,555,Champions
14156,10,143,298257.33,5,5,5,555,Champions
14911,1,373,270349.47000000003,5,5,5,555,Champions
17450,8,51,232357.52,5,5,5,555,Champions
13694,4,143,193571.56,5,5,5,555,Champions
17511,3,60,171114.31,5,5,5,555,Champions
16684,4,55,145555.17,5,5,5,555,Champions
12415,24,24,141726.22,4,5,5,455,Champions
15061,4,127,126374.81999999999,5,5,5,555,Champions
15311,1,207,113747.12,5,5,5,555,Champions
13089,3,203,113260.37,5,5,5,555,Champions
16029,39,106,109217.67,4,5,5,455,Champions
17949,1,116,107833.48,5,5,5,555,Champions
12931,22,57,92347.34,4,5,5,455,Champions
14298,8,82,90395.41,5,5,5,555,Champions
15769,7,46,88612.52,5,5,5,555,Champions
13798,1,110,75410.15,5,5,5,555,Champions
15838,11,34,72251.5,5,5,5,555,Champions
17841,2,210,68124.01,5,5,5,555,Champions
14088,10,16,63133.15,5,5,5,555,Champions
16422,17,107,61656.42,5,5,5,555,Champions
17389,1,61,57215.33,5,5,5,555,Champions
13081,12,28,56489.17,5,5,5,555,Champions
16013,4,84,56078.44,5,5,5,555,Champions
14680,25,58,55435.9,4,5,5,455,Champions
14096,4,17,53036.39,5,5,5,555,Champions
13408,2,106,49721.182,5,5,5,555,Champions
12748,1,322,48494.93,5,5,5,555,Champions
13777,1,60,48240.76,5,5,5,555,Champions
17404,4,21,46806.52,5,5,5,555,Champions
13881,4,43,45158.7,5,5,5,555,Champions
16705,1,42,42849.051,5,5,5,555,Champions
15039,10,93,38996.03,5,5,5,555,Champions
17675,1,70,37508.68,5,5,5,555,Champions
17381,9,38,36398.65,5,5,5,555,Champions
14031,7,44,35952.62,5,5,5,555,Champions
12921,9,74,35233.24,5,5,5,555,Champions
17677,2,54,34891.96,5,5,5,555,Champions
12471,2,70,34538.9,5,5,5,555,Champions
13767,2,73,33903.57,5,5,5,555,Champions
16210,2,33,33730.97,5,5,5,555,Champions
12678,42,15,32595.18,4,5,5,455,Champions
15856,4,52,31976.02,5,5,5,555,Champions
14258,9,25,31852.14,5,5,5,555,Champions
16779,2,53,31665.23,5,5,5,555,Champions
17428,1,45,31096.38,5,5,5,555,Champions
14606,1,184,29368.06,5,5,5,555,Champions
12709,15,32,29325.78,5,5,5,555,Champions
13078,3,57,29018.06,5,5,5,555,Champions
13098,1,28,28835.64,5,5,5,555,Champions
17940,49,14,28389.58,4,5,5,455,Champions
14527,3,121,27098.95,5,5,5,555,Champions
16333,8,22,26626.8,5,5,5,555,Champions
15513,33,35,26130.15,4,5,5,455,Champions
12681,15,44,26051.16,5,5,5,555,Champions
17865,31,46,25907.39,4,5,5,455,Champions
17857,4,23,25769.54,5,5,5,555,Champions
12731,24,17,25539.91,4,5,5,455,Champions
14062,10,24,25539.75,5,5,5,555,Champions
15498,3,44,24821.16,5,5,5,555,Champions
14895,8,38,24540.39,5,5,5,555,Champions
16525,2,48,24051.7,5,5,5,555,Champions
13001,4,33,23980.9,5,5,5,555,Champions
15640,4,29,23368.01,5,5,5,555,Champions
17920,4,54,23181.68,5,5,5,555,Champions
16133,4,56,22992.26,5,5,5,555,Champions
14607,16,20,22431.13,5,5,5,555,Champions
15159,2,34,22050.97,5,5,5,555,Champions
14051,1,37,21755.98,5,5,5,555,Champions
12621,2,35,21736.0,5,5,5,555,Champions
15615,10,47,21358.670000000002,5,5,5,555,Champions
16839,9,44,21313.05,5,5,5,555,Champions
13319,5,57,21307.920000000002,5,5,5,555,Champions
12682,4,51,20675.02,5,5,5,555,Champions
12753,23,6,20563.59,4,4,5,445,Champions
15251,9,21,20324.54,5,5,5,555,Champions
14667,11,54,20313.69,5,5,5,555,Champions
13340,45,12,20280.76,4,5,5,455,Champions
17243,1,69,20046.23,5,5,5,555,Champions
14866,11,17,19997.89,5,5,5,555,Champions
17706,4,31,19933.33,5,5,5,555,Champions
17340,30,18,19615.4,4,5,5,455,Champions
12477,23,9,19522.35,4,5,5,455,Champions
17139,16,25,19430.86,5,5,5,555,Champions
12540,20,32,19169.73,4,5,5,455,Champions
16843,43,35,18817.23,4,5,5,455,Champions
14194,5,36,18481.59,5,5,5,555,Champions
13113,1,37,18212.670000000002,5,5,5,555,Champions
12557,16,8,18096.14,5,4,5,545,Champions
16746,5,42,18045.05,5,5,5,555,Champions
17581,1,43,17854.87,5,5,5,555,Champions
17377,24,78,17624.95,4,5,5,455,Champions
15189,1,46,17524.38,5,5,5,555,Champions
18172,15,52,17452.24,5,5,5,555,Champions
16019,47,27,17329.16,4,5,5,455,Champions
15078,7,52,17276.73,5,5,5,555,Champions
17416,30,22,17182.95,4,5,5,455,Champions
16652,59,15,16873.59,4,5,5,455,Champions
16656,22,30,16702.37,4,5,5,455,Champions
17735,2,26,16666.49,5,5,5,555,Champions
15125,25,24,16646.87,4,5,5,455,Champions
14277,15,8,16582.2,5,4,5,545,Champions
15358,5,42,16379.960000000001,5,5,5,555,Champions
14961,11,22,16317.6,5,5,5,555,Champions
12433,1,10,16290.2,5,5,5,555,Champions
13225,3,16,16147.75,5,5,5,555,Champions
17107,33,10,15959.87,4,5,5,455,Champions
13199,4,66,15949.210000000001,5,5,5,555,Champions
12971,4,116,15704.6,5,5,5,555,Champions
15044,19,32,15702.81,5,5,5,555,Champions
17716,23,24,15543.57,4,5,5,455,Champions
14769,3,17,15410.91,5,5,5,555,Champions
16191,3,24,15405.12,5,5,5,555,Champions
14849,22,43,15392.31,4,5,5,455,Champions
12949,31,22,15344.6,4,5,5,455,Champions
12472,32,19,14802.99,4,5,5,455,Champions
16126,29,15,14644.6,4,5,5,455,Champions
12901,9,27,14630.54,5,5,5,555,Champions
17133,16,12,14546.01,5,5,5,555,Champions
14543,29,39,14508.62,4,5,5,455,Champions
15482,16,18,14377.36,5,5,5,555,Champions
16873,5,12,14316.79,5,5,5,555,Champions
13488,17,23,14109.66,5,5,5,555,Champions
15601,11,30,14100.12,5,5,5,555,Champions
16713,19,32,14073.91,5,5,5,555,Champions
13178,26,21,14059.19,4,5,5,455,Champions
12647,22,34,14003.35,4,5,5,455,Champions
18223,5,26,14000.85,5,5,5,555,Champions
14733,16,15,13944.55,5,5,5,555,Champions
14299,8,27,13900.81,5,5,5,555,Champions
18092,2,18,13752.92,5,5,5,555,Champions
15382,15,12,13733.550000000001,5,5,5,555,Champions
15093,18,23,13702.380000000001,5,5,5,555,Champions
15291,26,39,13472.76,4,5,5,455,Champions
15005,16,56,13469.3,5,5,5,555,Champions
13629,23,19,13370.86,4,5,5,455,Champions
16558,1,38,13153.03,5,5,5,555,Champions
12744,56,8,13132.24,4,4,5,445,Champions
16923,12,32,13114.130000000001,5,5,5,555,Champions
13090,9,23,13061.44,5,5,5,555,Champions
15738,19,41,13043.32,5,5,5,555,Champions
18225,3,26,13009.76,5,5,5,555,Champions
13969,7,35,12968.48,5,5,5,555,Champions
14110,4,33,12968.15,5,5,5,555,Champions
13316,37,10,12940.82,4,5,5,455,Champions
13097,33,27,12845.86,4,5,5,455,Champions
14049,17,13,12810.31,5,5,5,555,Champions
13668,3,35,12763.44,5,5,5,555,Champions
16549,10,34,12719.4,5,5,5,555,Champions
12714,9,12,12682.210000000001,5,5,5,555,Champions
12989,3,33,12669.75,5,5,5,555,Champions
16161,2,43,12535.06,5,5,5,555,Champions
17017,3,29,12531.09,5,5,5,555,Champions
12451,11,8,12520.68,5,4,5,545,Champions
13468,2,72,12515.72,5,5,5,555,Champions
12583,3,27,12493.58,5,5,5,555,Champions
14040,41,35,12490.81,4,5,5,455,Champions
14936,34,12,12410.81,4,5,5,455,Champions
14735,4,55,12225.16,5,5,5,555,Champions
12476,16,18,12114.380000000001,5,5,5,555,Champions
15465,20,32,12100.4,4,5,5,455,Champions
17858,6,30,12022.5,5,5,5,555,Champions
13458,7,16,11959.27,5,5,5,555,Champions
13854,9,39,11944.56,5,5,5,555,Champions
16258,45,15,11942.52,4,5,5,455,Champions
16523,2,28,11916.33,5,5,5,555,Champions
18226,44,26,11863.88,4,5,5,455,Champions
14505,17,19,11841.58,5,5,5,555,Champions
15194,3,28,11839.130000000001,5,5,5,555,Champions
13050,15,34,11826.19,5,5,5,555,Champions
17044,25,12,11659.9,4,5,5,455,Champions
16814,14,36,11625.45,5,5,5,555,Champions
14426,24,17,11620.54,4,5,5,455,Champions
17364,1,27,11601.7,5,5,5,555,Champions
14739,4,25,11573.62,5,5,5,555,Champions
14415,1,23,11536.59,5,5,5,555,Champions
13004,12,36,11531.69,5,5,5,555,Champions
17338,17,17,11511.84,5,5,5,555,Champions
13418,12,31,11493.36,5,5,5,555,Champions
15218,11,22,11446.33,5,5,5,555,Champions
15023,3,20,11402.1,5,5,5,555,Champions
13680,1,12,11360.35,5,5,5,555,Champions
12437,2,38,11282.4,5,5,5,555,Champions
13102,1,37,11257.7,5,5,5,555,Champions
15144,8,29,11220.710000000001,5,5,5,555,Champions
12474,17,29,11178.75,5,5,5,555,Champions
13576,10,28,11171.39,5,5,5,555,Champions
12539,22,7,11146.25,4,4,5,445,Champions
15555,12,36,11122.94,5,5,5,555,Champions
12705,15,13,10996.800000000001,5,5,5,555,Champions
13013,1,29,10982.380000000001,5,5,5,555,Champions
12481,23,14,10963.79,4,5,5,455,Champions
16985,17,23,10834.36,5,5,5,555,Champions
12567,23,15,10555.78,4,5,5,455,Champions
13324,36,18,10513.47,4,5,5,455,Champions
16168,11,66,10345.67,5,5,5,555,Champions
14422,1,19,10229.92,5,5,5,555,Champions
16033,6,27,10193.83,5,5,5,555,Champions
17160,31,17,10161.76,4,5,5,455,Champions
15719,33,31,10159.17,4,5,5,455,Champions
12683,4,20,10140.9,5,5,5,555,Champions
15805,23,30,10096.43,4,5,5,455,Champions
16327,14,16,10094.94,5,5,5,555,Champions
17809,16,20,10085.89,5,5,5,555,Champions
18055,7,14,10061.04,5,5,5,555,Champions
18229,12,28,10050.67,5,5,5,555,Champions
13941,22,15,10027.18,4,5,5,455,Champions
13985,4,22,10020.86,5,5,5,555,Champions
12431,36,25,10019.720000000001,4,5,5,455,Champions
15296,51,12,9967.53,4,5,5,455,Champions
15694,1,23,9963.48,5,5,5,555,Champions
14755,10,25,9952.75,5,5,5,555,Champions
15547,7,26,9932.0,5,5,5,555,Champions
14796,1,27,9922.72,5,5,5,555,Champions
15290,5,26,9915.48,5,5,5,555,Champions
16131,52,12,9873.42,4,5,5,455,Champions
17049,3,19,9838.130000000001,5,5,5,555,Champions
14329,17,15,9817.72,5,5,5,555,Champions
13599,1,33,9811.04,5,5,5,555,Champions
16353,4,38,9688.960000000001,5,5,5,555,Champions
16701,9,26,9687.77,5,5,5,555,Champions
14085,2,32,9676.81,5,5,5,555,Champions
12839,3,26,9651.72,5,5,5,555,Champions
12524,9,17,9644.71,5,5,5,555,Champions
12668,12,9,9636.630000000001,5,5,5,555,Champions
16782,10,38,9603.62,5,5,5,555,Champions
13735,25,13,9552.32,4,5,5,455,Champions
15502,16,12,9542.92,5,5,5,555,Champions
18109,2,38,9516.11,5,5,5,555,Champions
14944,30,19,9511.27,4,5,5,455,Champions
17811,4,47,9483.6,5,5,5,555,Champions
17315,2,41,9483.42,5,5,5,555,Champions
13018,16,35,9452.06,5,5,5,555,Champions
13999,10,29,9442.86,5,5,5,555,Champions
13267,3,36,9429.81,5,5,5,555,Champions
14146,9,12,9407.4,5,5,5,555,Champions
13069,1,38,9252.78,5,5,5,555,Champions
15981,25,21,9211.57,4,5,5,455,Champions
14367,8,16,9196.42,5,5,5,555,Champions
15727,17,15,9183.41,5,5,5,555,Champions
13327,39,19,9052.87,4,5,5,455,Champions
17757,1,56,9035.3,5,5,5,555,Champions
15249,32,18,9000.2,4,5,5,455,Champions
17068,12,47,8980.18,5,5,5,555,Champions
15903,10,12,8939.84,5,5,5,555,Champions
15298,2,23,8901.210000000001,5,5,5,555,Champions
12747,2,26,8898.48,5,5,5,555,Champions
15150,17,13,8872.09,5,5,5,555,Champions
14709,15,25,8868.93,5,5,5,555,Champions
12359,58,10,8858.54,4,5,5,455,Champions
15867,5,31,8852.62,5,5,5,555,Champions
14135,2,24,8839.67,5,5,5,555,Champions
14292,8,16,8828.45,5,5,5,555,Champions
16532,18,5,8756.64,5,4,5,545,Champions
16700,9,25,8723.67,5,5,5,555,Champions
15570,7,25,8686.19,5,5,5,555,Champions
17576,8,41,8680.85,5,5,5,555,Champions
15497,18,9,8657.39,5,5,5,555,Champions
13756,2,23,8655.95,5,5,5,555,Champions
17306,11,21,8648.35,5,5,5,555,Champions
14060,5,30,8625.54,5,5,5,555,Champions
16186,23,26,8596.03,4,5,5,455,Champions
13263,1,38,8551.95,5,5,5,555,Champions
16945,22,33,8513.36,4,5,5,455,Champions
14286,24,7,8479.76,4,4,5,445,Champions
15270,16,21,8472.66,5,5,5,555,Champions
13269,1,28,8468.47,5,5,5,555,Champions
12957,10,13,8466.57,5,5,5,555,Champions
15786,46,5,8446.72,4,4,5,445,Champions
12490,5,20,8443.34,5,5,5,555,Champions
18139,18,6,8438.34,5,4,5,545,Champions
13209,30,13,8428.15,4,5,5,455,Champions
13047,57,23,8423.58,4,5,5,455,Champions
13148,29,26,8412.57,4,5,5,455,Champions
17396,39,13,8391.6,4,5,5,455,Champions
15984,3,30,8359.87,5,5,5,555,Champions
14676,31,12,8356.79,4,5,5,455,Champions
14057,24,22,8270.16,4,5,5,455,Champions
13448,17,12,8261.04,5,5,5,555,Champions
13381,32,12,8224.37,4,5,5,455,Champions
13758,12,14,8220.05,5,5,5,555,Champions
17686,7,9,8206.09,5,5,5,555,Champions
13139,16,8,8202.98,5,4,5,545,Champions
17611,7,28,8193.33,5,5,5,555,Champions
16722,17,22,8189.56,5,5,5,555,Champions
16672,2,20,8134.9400000000005,5,5,5,555,Champions
17365,13,15,8124.7,5,5,5,555,Champions
13426,1,22,8117.58,5,5,5,555,Champions
15034,16,14,8112.8,5,5,5,555,Champions
15955,24,22,8085.9800000000005,4,5,5,455,Champions
17426,8,13,8042.97,5,5,5,555,Champions
18041,12,38,8018.7699999999995,5,5,5,555,Champions
14525,20,17,8018.59,4,5,5,455,Champions
14056,1,23,7964.79,5,5,5,555,Champions
16767,31,15,7946.21,4,5,5,455,Champions
15998,37,16,7935.09,4,5,5,455,Champions
13174,16,11,7925.91,5,5,5,555,Champions
16303,26,7,7858.07,4,4,5,445,Champions
12766,4,9,7857.79,5,5,5,555,Champions
17593,4,11,7850.9400000000005,5,5,5,555,Champions
16670,17,20,7834.25,5,5,5,555,Champions
14291,2,23,7827.6,5,5,5,555,Champions
12867,26,13,7811.86,4,5,5,455,Champions
15544,9,20,7797.69,5,5,5,555,Champions
13871,23,17,7771.55,4,5,5,455,Champions
14395,2,20,7764.2300000000005,5,5,5,555,Champions
15622,43,16,7733.21,4,5,5,455,Champions
14159,20,20,7716.5,4,5,5,455,Champions
17739,12,18,7715.59,5,5,5,555,Champions
17730,3,20,7652.0,5,5,5,555,Champions
17696,38,27,7649.59,4,5,5,455,Champions
16592,4,28,7637.51,5,5,5,555,Champions
15046,9,25,7604.84,5,5,5,555,Champions
14145,47,7,7600.05,4,4,5,445,Champions
13137,11,16,7573.74,5,5,5,555,Champions
13709,4,18,7551.55,5,5,5,555,Champions
13534,2,35,7546.900000000001,5,5,5,555,Champions
17091,3,19,7480.45,5,5,5,555,Champions
16570,15,20,7419.01,5,5,5,555,Champions
16242,8,14,7384.67,5,5,5,555,Champions
14030,18,20,7382.83,5,5,5,555,Champions
15179,18,13,7338.92,5,5,5,555,Champions
14282,3,25,7208.76,5,5,5,555,Champions
17238,3,32,7207.82,5,5,5,555,Champions
12380,22,8,7171.05,4,4,5,445,Champions
14688,8,28,7170.62,5,5,5,555,Champions
17602,2,14,7153.33,5,5,5,555,Champions
14800,48,17,7141.98,4,5,5,455,Champions
16729,38,21,7139.61,4,5,5,455,Champions
14841,53,14,7123.400000000001,4,5,5,455,Champions
14092,8,24,7122.35,5,5,5,555,Champions
15521,40,16,7087.64,4,5,5,455,Champions
15950,32,10,7073.81,4,5,5,455,Champions
17231,12,25,7064.8,5,5,5,555,Champions
13183,8,15,7036.18,5,5,5,555,Champions
13451,26,11,7011.13,4,5,5,455,Champions
14243,9,17,6993.71,5,5,5,555,Champions
17769,13,17,6987.08,5,5,5,555,Champions
12841,5,40,6923.49,5,5,5,555,Champions
16187,32,15,6911.4400000000005,4,5,5,455,Champions
17690,30,20,6904.75,4,5,5,455,Champions
16938,9,9,6861.52,5,5,5,555,Champions
16401,1,23,6847.45,5,5,5,555,Champions
15301,51,17,6830.47,4,5,5,455,Champions
12720,3,29,6828.12,5,5,5,555,Champions
17965,38,29,6824.67,4,5,5,455,Champions
12830,38,6,6814.64,4,4,5,445,Champions
15129,50,23,6813.08,4,5,5,455,Champions
16145,9,19,6762.09,5,5,5,555,Champions
14113,4,16,6744.31,5,5,5,555,Champions
13983,30,21,6723.29,4,5,5,455,Champions
13993,43,19,6721.110000000001,4,5,5,455,Champions
13815,22,8,6717.94,4,4,5,445,Champions
12749,4,9,6701.26,5,5,5,555,Champions
17975,15,24,6681.43,5,5,5,555,Champions
16265,9,12,6667.32,5,5,5,555,Champions
16717,24,14,6663.68,4,5,5,455,Champions
13384,31,11,6661.03,4,5,5,455,Champions
17001,1,19,6640.8,5,5,5,555,Champions
13953,7,12,6640.68,5,5,5,555,Champions
17700,17,14,6631.97,5,5,5,555,Champions
14401,4,22,6615.75,5,5,5,555,Champions
14562,4,26,6593.6,5,5,5,555,Champions
13831,16,18,6583.64,5,5,5,555,Champions
13015,53,11,6564.4800000000005,4,5,5,455,Champions
16497,50,23,6524.43,4,5,5,455,Champions
14221,42,17,6517.49,4,5,5,455,Champions
13883,11,14,6495.77,5,5,5,555,Champions
15750,3,18,6452.991,5,5,5,555,Champions
16170,51,20,6447.6,4,5,5,455,Champions
16940,52,8,6427.66,4,5,5,455,Champions
16655,18,13,6399.41,5,5,5,555,Champions
12406,22,5,6390.36,4,4,5,445,Champions
14766,8,11,6375.7300000000005,5,5,5,555,Champions
12779,38,14,6346.91,4,5,5,455,Champions
13590,11,18,6324.4400000000005,5,5,5,555,Champions
13654,43,11,6280.4,4,5,5,455,Champions
14702,1,29,6278.2300000000005,5,5,5,555,Champions
14227,26,15,6276.76,4,5,5,455,Champions
14004,43,11,6258.45,4,5,5,455,Champions
12913,5,13,6253.24,5,5,5,555,Champions
18245,7,20,6252.9800000000005,5,5,5,555,Champions
13136,56,13,6249.06,4,5,5,455,Champions
14388,10,16,6235.8,5,5,5,555,Champions
12428,26,8,6207.9800000000005,4,4,5,445,Champions
17799,22,20,6204.88,4,5,5,455,Champions
16103,7,22,6191.71,5,5,5,555,Champions
14534,3,26,6167.76,5,5,5,555,Champions
12613,57,9,6137.87,4,5,5,455,Champions
12662,1,20,6130.54,5,5,5,555,Champions
17669,43,10,6127.05,4,5,5,455,Champions
14390,10,13,6125.38,5,5,5,555,Champions
16156,9,20,6118.58,5,5,5,555,Champions
14852,58,18,6115.03,4,5,5,455,Champions
14560,7,44,6114.03,5,5,5,555,Champions
18118,11,29,6112.17,5,5,5,555,Champions
17419,11,18,6108.85,5,5,5,555,Champions
18061,22,28,6083.81,4,5,5,455,Champions
17509,58,8,6083.64,4,5,5,455,Champions
14530,26,16,6082.22,4,5,5,455,Champions
16954,1,20,6081.88,5,5,5,555,Champions
17644,1,20,6028.6,5,5,5,555,Champions
13230,4,30,6018.85,5,5,5,555,Champions
12712,29,21,5985.03,4,5,5,455,Champions
15755,10,17,5978.12,5,5,5,555,Champions
13658,10,9,5973.3,5,5,5,555,Champions
14440,8,13,5964.63,5,5,5,555,Champions
15785,33,15,5950.13,4,5,5,455,Champions
13266,11,19,5933.86,5,5,5,555,Champions
12417,3,20,5930.61,5,5,5,555,Champions
17625,18,8,5929.65,5,5,5,555,Champions
14180,11,33,5920.4,5,5,5,555,Champions
15971,18,18,5897.88,5,5,5,555,Champions
16710,19,22,5884.3,5,5,5,555,Champions
18065,6,28,5831.63,5,5,5,555,Champions
12626,23,9,5772.68,4,5,5,455,Champions
18075,23,20,5768.4400000000005,4,5,5,455,Champions
14112,23,13,5747.89,4,5,5,455,Champions
15514,12,18,5745.68,5,5,5,555,Champions
16607,18,25,5706.87,5,5,5,555,Champions
12656,17,8,5704.03,5,4,5,545,Champions
12429,9,8,5696.61,5,4,5,545,Champions
14099,16,20,5693.47,5,5,5,555,Champions
13157,49,9,5687.36,4,5,5,455,Champions
17651,12,16,5683.72,5,5,5,555,Champions
16458,3,30,5673.49,5,5,5,555,Champions
17672,50,6,5663.74,4,4,5,445,Champions
17491,1,17,5653.67,5,5,5,555,Champions
16409,36,12,5643.99,4,5,5,455,Champions
16279,21,9,5607.08,4,5,5,455,Champions
12356,23,6,5576.93,4,4,5,445,Champions
15854,4,21,5575.12,5,5,5,555,Champions
12910,23,13,5569.72,4,5,5,455,Champions
16003,30,10,5567.93,4,5,5,455,Champions
17838,27,13,5567.14,4,5,5,455,Champions
12500,23,18,5554.11,4,5,5,455,Champions
14907,3,16,5547.72,5,5,5,555,Champions
16200,4,12,5537.1,5,5,5,555,Champions
12484,35,9,5527.95,4,5,5,455,Champions
17092,50,11,5501.21,4,5,5,455,Champions
13115,12,10,5494.7,5,5,5,555,Champions
13870,2,15,5493.68,5,5,5,555,Champions
13769,2,20,5478.12,5,5,5,555,Champions
14189,2,16,5472.55,5,5,5,555,Champions
17203,36,10,5469.74,4,5,5,455,Champions
16609,15,7,5456.66,5,4,5,545,Champions
17685,17,12,5454.95,5,5,5,555,Champions
17512,29,18,5451.320000000001,4,5,5,455,Champions
16992,11,13,5445.900000000001,5,5,5,555,Champions
14732,8,19,5436.01,5,5,5,555,Champions
18198,4,17,5425.56,5,5,5,555,Champions
14572,3,11,5423.38,5,5,5,555,Champions
12664,8,11,5420.04,5,5,5,555,Champions
18145,13,11,5419.09,5,5,5,555,Champions
17069,28,14,5414.03,4,5,5,455,Champions
15527,19,23,5409.14,5,5,5,555,Champions
14626,24,11,5393.52,4,5,5,455,Champions
13394,2,19,5386.0,5,5,5,555,Champions
16008,24,15,5339.13,4,5,5,455,Champions
12615,2,8,5337.4800000000005,5,4,5,545,Champions
15628,5,17,5333.08,5,5,5,555,Champions
17863,59,12,5329.88,4,5,5,455,Champions
13014,11,11,5328.88,5,5,5,555,Champions
17584,7,6,5309.42,5,4,5,545,Champions
13362,9,7,5298.97,5,4,5,545,Champions
16393,2,23,5297.77,5,5,5,555,Champions
17612,53,18,5287.76,4,5,5,455,Champions
15394,10,11,5267.84,5,5,5,555,Champions
15722,36,11,5234.0,4,5,5,455,Champions
17719,38,15,5226.99,4,5,5,455,Champions
13107,44,9,5222.47,4,5,5,455,Champions
13975,31,12,5189.3,4,5,5,455,Champions
15152,10,14,5184.63,5,5,5,555,Champions
14546,5,11,5178.14,5,5,5,555,Champions
16011,8,29,5155.61,5,5,5,555,Champions
15796,1,17,5145.13,5,5,5,555,Champions
17663,26,17,5138.18,4,5,5,455,Champions
17157,8,19,5121.900000000001,5,5,5,555,Champions
16308,38,7,5120.0,4,4,5,445,Champions
15443,2,14,5098.93,5,5,5,555,Champions
14493,7,10,5087.86,5,5,5,555,Champions
14713,9,21,5038.21,5,5,5,555,Champions
17469,16,17,5035.95,5,5,5,555,Champions
16931,5,23,5011.82,5,5,5,555,Champions
15367,57,11,5005.7300000000005,4,5,5,455,Champions
16153,50,11,5003.89,4,5,5,455,Champions
17861,3,18,5001.59,5,5,5,555,Champions
15898,1,25,4987.7,5,5,5,555,Champions
17346,4,26,4984.88,5,5,5,555,Champions
14209,11,15,4967.37,5,5,5,555,Champions
14639,52,9,4961.11,4,5,5,455,Champions
13634,33,15,4955.78,4,5,5,455,Champions
13198,10,8,4946.63,5,4,5,545,Champions
17758,19,12,4941.59,5,5,5,555,Champions
12347,2,8,4921.53,5,4,5,545,Champions
12594,38,14,4890.110000000001,4,5,5,455,Champions
16986,30,11,4888.75,4,5,5,455,Champions
12727,11,10,4888.13,5,5,5,555,Champions
13021,4,17,4887.24,5,5,5,555,Champions
14107,52,11,4877.3,4,5,5,455,Champions
18144,8,19,4867.75,5,5,5,555,Champions
17449,2,13,4865.15,5,5,5,555,Champions
13495,8,10,4863.31,5,5,5,555,Champions
17213,40,13,4852.0,4,5,5,455,Champions
16686,47,16,4848.67,4,5,5,455,Champions
17059,30,9,4847.17,4,5,5,455,Champions
17314,25,17,4819.53,4,5,5,455,Champions
17567,7,9,4817.78,5,5,5,555,Champions
13329,32,8,4808.7699999999995,4,4,5,445,Champions
13875,54,14,4799.37,4,5,5,455,Champions
14191,2,15,4798.7,5,5,5,555,Champions
17652,25,12,4763.320000000001,4,5,5,455,Champions
17519,17,15,4760.87,5,5,5,555,Champions
12480,28,7,4753.85,4,4,5,445,Champions
17082,33,6,4727.08,4,4,5,445,Champions
12955,1,11,4726.56,5,5,5,555,Champions
15485,30,7,4714.08,4,4,5,445,Champions
15529,23,12,4712.32,4,5,5,455,Champions
14825,4,24,4709.58,5,5,5,555,Champions
16905,5,17,4704.27,5,5,5,555,Champions
15187,2,15,4702.18,5,5,5,555,Champions
12362,3,10,4691.93,5,5,5,555,Champions
16904,4,20,4644.96,5,5,5,555,Champions
13971,19,14,4627.97,5,5,5,555,Champions
14441,1,11,4611.6900000000005,5,5,5,555,Champions
13988,20,8,4610.34,4,4,5,445,Champions
17402,5,22,4600.5599999999995,5,5,5,555,Champions
16326,6,24,4593.85,5,5,5,555,Champions
12759,52,8,4591.14,4,4,5,445,Champions
18257,39,12,4585.15,4,5,5,455,Champions
13510,1,11,4543.29,5,5,5,555,Champions
13571,13,26,4537.26,5,5,5,555,Champions
17613,23,14,4525.2,4,5,5,455,Champions
13527,34,12,4523.89,4,5,5,455,Champions
15271,7,24,4523.44,5,5,5,555,Champions
14290,11,8,4516.56,5,4,5,545,Champions
17442,37,15,4508.7,4,5,5,455,Champions
16255,17,15,4506.8,5,5,5,555,Champions
13523,33,6,4499.77,4,4,5,445,Champions
17596,23,13,4491.46,4,5,5,455,Champions
18097,8,11,4491.12,5,5,5,555,Champions
12708,30,18,4480.46,4,5,5,455,Champions
16143,3,12,4478.28,5,5,5,555,Champions
16912,29,15,4460.51,4,5,5,455,Champions
17754,1,13,4446.54,5,5,5,555,Champions
13435,5,9,4439.83,5,5,5,555,Champions
14341,45,17,4432.22,4,5,5,455,Champions
18069,26,11,4430.77,4,5,5,455,Champions
15845,18,11,4426.28,5,5,5,555,Champions
16626,1,17,4413.1,5,5,5,555,Champions
17188,11,13,4403.21,5,5,5,555,Champions
15240,45,12,4402.9800000000005,4,5,5,455,Champions
15203,26,15,4400.18,4,5,5,455,Champions
15484,1,6,4392.0,5,4,5,545,Champions
16732,32,4,4387.64,4,4,5,445,Champions
12600,29,20,4385.85,4,5,5,455,Champions
16563,54,6,4381.96,4,4,5,445,Champions
15123,7,5,4380.77,5,4,5,545,Champions
14032,2,16,4378.11,5,5,5,555,Champions
14211,53,18,4371.6900000000005,4,5,5,455,Champions
12562,8,9,4350.42,5,5,5,555,Champions
16283,6,8,4348.62,5,5,5,555,Champions
13491,52,27,4337.34,4,5,5,455,Champions
15861,12,12,4335.7,5,5,5,555,Champions
17220,24,21,4331.56,4,5,5,455,Champions
17191,28,15,4300.4400000000005,4,5,5,455,Champions
15365,26,13,4297.03,4,5,5,455,Champions
18272,3,9,4292.62,5,5,5,555,Champions
14482,18,12,4291.42,5,5,5,555,Champions
18230,9,9,4291.06,5,5,5,555,Champions
17372,41,27,4290.41,4,5,5,455,Champions
14334,17,12,4287.88,5,5,5,555,Champions
12928,35,12,4287.49,4,5,5,455,Champions
14701,11,15,4282.71,5,5,5,555,Champions
16293,22,15,4279.2,4,5,5,455,Champions
13297,8,7,4276.82,5,4,5,545,Champions
13880,21,17,4276.46,4,5,5,455,Champions
17930,36,13,4275.22,4,5,5,455,Champions
14466,29,13,4267.15,4,5,5,455,Champions
14239,43,21,4263.17,4,5,5,455,Champions
17728,4,5,4238.76,5,4,5,545,Champions
16081,56,8,4232.01,4,5,5,455,Champions
12395,19,15,4223.77,4,5,5,455,Champions
12449,22,5,4215.49,4,4,5,445,Champions
16571,27,10,4213.94,4,5,5,455,Champions
16712,9,13,4209.92,5,5,5,555,Champions
14001,46,9,4209.05,4,5,5,455,Champions
15804,1,13,4206.39,5,5,5,555,Champions
18079,45,5,4203.93,4,4,5,445,Champions
16743,29,14,4200.55,4,5,5,455,Champions
12935,2,15,4197.96,5,5,5,555,Champions
13461,39,6,4160.0,4,4,5,445,Champions
14868,3,12,4153.41,5,5,5,555,Champions
12757,16,9,4148.7,5,5,5,555,Champions
17412,3,16,4128.42,5,5,5,555,Champions
17738,19,13,4122.36,5,5,5,555,Champions
17673,2,13,4122.28,5,5,5,555,Champions
13450,27,13,4120.04,4,5,5,455,Champions
12598,10,10,4115.59,5,5,5,555,Champions
14408,11,11,4096.47,5,5,5,555,Champions
12553,8,12,4087.35,5,5,5,555,Champions
14913,36,8,4073.13,4,4,5,445,Champions
12483,17,19,4069.1800000000003,5,5,5,555,Champions
15493,33,9,4064.44,4,5,5,455,Champions
18287,43,7,4063.39,4,4,5,445,Champions
12627,11,6,4047.73,5,4,5,545,Champions
13421,40,8,4045.35,4,4,5,445,Champions
13048,14,9,4044.03,5,5,5,555,Champions
17937,9,7,4039.62,5,4,5,545,Champions
17682,10,11,4035.28,5,5,5,555,Champions
13911,57,20,4034.29,4,5,5,455,Champions
14824,10,10,4022.9100000000003,5,5,5,555,Champions
15050,25,5,4021.19,4,4,5,445,Champions
12523,19,23,4010.35,4,5,5,455,Champions
15680,9,10,4008.79,5,5,5,555,Champions
13895,28,6,4008.52,4,4,5,445,Champions
14878,13,25,4005.45,5,5,5,555,Champions
16241,10,16,3972.07,5,5,5,555,Champions
14047,9,14,3968.11,5,5,5,555,Champions
16150,43,10,3958.9700000000003,4,5,5,455,Champions
12444,21,5,3956.4,4,4,5,445,Champions
13982,39,9,3954.29,4,5,5,455,Champions
18259,25,7,3941.9,4,4,5,445,Champions
14547,4,8,3938.41,5,4,5,545,Champions
12370,51,7,3936.76,4,4,5,445,Champions
15819,49,10,3934.79,4,5,5,455,Champions
15572,5,10,3934.6,5,5,5,555,Champions
15051,23,9,3926.91,4,5,5,455,Champions
17526,5,12,3923.94,5,5,5,555,Champions
16791,29,15,3920.03,4,5,5,455,Champions
15752,40,9,3904.57,4,5,5,455,Champions
16841,37,12,3904.0,4,5,5,455,Champions
13995,15,14,3902.01,5,5,5,555,Champions
17618,6,11,3876.04,5,5,5,555,Champions
14655,8,7,3865.21,5,4,5,545,Champions
12388,16,8,3861.51,5,4,5,545,Champions
15696,33,13,3861.42,4,5,5,455,Champions
12408,33,8,3859.87,4,4,5,445,Champions
16440,8,6,3856.97,5,4,5,545,Champions
14498,43,10,3854.23,4,5,5,455,Champions
13213,57,11,3851.52,4,5,5,455,Champions
16771,33,10,3845.76,4,5,5,455,Champions
15571,12,14,3841.41,5,5,5,555,Champions
17218,4,18,3820.24,5,5,5,555,Champions
17287,26,21,3814.11,4,5,5,455,Champions
16057,16,10,3805.05,5,5,5,555,Champions
16128,18,11,3801.05,5,5,5,555,Champions
17954,5,19,3781.65,5,5,5,555,Champions
17211,27,13,3768.4,4,5,5,455,Champions
16341,25,7,3758.9900000000002,4,4,5,445,Champions
17293,8,17,3750.63,5,5,5,555,Champions
16466,34,15,3750.59,4,5,5,455,Champions
17071,28,13,3739.11,4,5,5,455,Champions
12782,5,11,3729.34,5,5,5,555,Champions
14515,18,12,3724.06,5,5,5,555,Champions
14776,51,15,3708.2999999999997,4,5,5,455,Champions
15288,43,10,3706.53,4,5,5,455,Champions
14309,8,11,3704.31,5,5,5,555,Champions
16094,12,11,3695.56,5,5,5,555,Champions
12726,28,11,3690.6,4,5,5,455,Champions
14540,10,11,3689.39,5,5,5,555,Champions
13126,5,13,3681.6,5,5,5,555,Champions
13481,46,11,3678.44,4,5,5,455,Champions
17096,15,11,3678.13,5,5,5,555,Champions
15708,41,9,3666.3,4,5,5,455,Champions
15532,25,10,3650.4500000000003,4,5,5,455,Champions
14593,22,12,3641.78,4,5,5,455,Champions
14744,16,14,3637.58,5,5,5,555,Champions
16748,18,14,3637.33,5,5,5,555,Champions
14649,5,9,3635.24,5,5,5,555,Champions
12721,32,8,3635.08,4,4,5,445,Champions
17528,1,8,3628.5,5,5,5,555,Champions
15370,41,8,3617.39,4,4,5,445,Champions
13305,4,16,3616.41,5,5,5,555,Champions
14640,24,10,3614.32,4,5,5,455,Champions
17173,5,8,3614.2000000000003,5,5,5,555,Champions
12360,52,6,3612.89,4,4,5,445,Champions
17063,21,13,3607.93,4,5,5,455,Champions
16053,33,6,3588.94,4,4,5,445,Champions
14132,2,11,3586.03,5,5,5,555,Champions
13750,54,11,3584.78,4,5,5,455,Champions
17422,16,11,3574.96,5,5,5,555,Champions
15494,21,5,3566.55,4,4,5,445,Champions
13632,25,8,3566.01,4,4,5,445,Champions
15024,10,16,3559.39,5,5,5,555,Champions
16218,30,13,3558.27,4,5,5,455,Champions
15791,44,5,3555.9,4,4,5,445,Champions
17659,17,14,3553.09,5,5,5,555,Champions
15858,16,13,3549.86,5,5,5,555,Champions
14882,27,14,3546.65,4,5,5,455,Champions
14503,3,6,3543.26,5,4,5,545,Champions
16325,47,12,3534.2000000000003,4,5,5,455,Champions
17019,11,11,3519.24,5,5,5,555,Champions
16444,46,17,3500.28,4,5,5,455,Champions
16983,13,11,3490.53,5,5,5,555,Champions
15059,41,19,3487.85,4,5,5,455,Champions
13577,25,11,3484.28,4,5,5,455,Champions
18077,8,18,3482.09,5,5,5,555,Champions
16950,57,10,3472.57,4,5,5,455,Champions
15712,9,12,3472.41,5,5,5,555,Champions
16719,15,14,3471.82,5,5,5,555,Champions
14533,25,11,3466.37,4,5,5,455,Champions
16360,5,6,3450.41,5,4,5,545,Champions
13536,1,7,3444.39,5,4,5,545,Champions
15974,39,7,3442.15,4,4,5,445,Champions
16208,45,10,3440.4500000000003,4,5,5,455,Champions
15953,15,18,3440.34,5,5,5,555,Champions
18044,4,18,3429.11,5,5,5,555,Champions
15351,12,10,3414.92,5,5,5,555,Champions
13823,19,7,3403.4500000000003,4,4,5,445,Champions
15114,30,12,3400.12,4,5,5,455,Champions
17913,59,14,3388.7400000000002,4,5,5,455,Champions
13437,14,7,3388.26,5,4,5,545,Champions
15811,22,7,3384.9,4,4,5,445,Champions
14653,1,11,3382.5,5,5,5,555,Champions
15058,25,16,3382.48,4,5,5,455,Champions
16347,11,11,3381.76,5,5,5,555,Champions
12358,2,5,3380.8300000000004,5,4,5,545,Champions
13849,52,5,3380.8,4,4,5,445,Champions
14898,23,14,3365.95,4,5,5,455,Champions
17183,8,6,3347.31,5,4,5,545,Champions
14608,4,10,3342.94,5,5,5,555,Champions
16818,11,11,3338.17,5,5,5,555,Champions
13285,23,6,3329.79,4,4,5,445,Champions
13246,18,11,3321.3,5,5,5,555,Champions
13824,33,12,3314.76,4,5,5,455,Champions
15505,53,5,3307.36,4,4,5,445,Champions
12631,57,6,3301.77,4,4,5,445,Champions
17725,16,11,3298.6800000000003,5,5,5,555,Champions
14217,2,23,3298.59,5,5,5,555,Champions
17768,8,7,3292.73,5,4,5,545,Champions
16539,3,10,3289.66,5,5,5,555,Champions
15065,38,5,3280.96,4,4,5,445,Champions
14285,21,8,3278.4700000000003,4,4,5,445,Champions
13650,17,10,3270.6,5,5,5,555,Champions
13131,23,7,3267.87,4,4,5,445,Champions
15632,16,8,3265.51,5,4,5,545,Champions
14064,29,15,3260.2400000000002,4,5,5,455,Champions
17924,12,8,3257.7000000000003,5,5,5,555,Champions
12670,10,7,3252.69,5,4,5,545,Champions
15380,9,11,3248.96,5,5,5,555,Champions
16612,33,9,3245.4300000000003,4,5,5,455,Champions
15356,31,13,3237.23,4,5,5,455,Champions
12963,8,12,3235.79,5,5,5,555,Champions
14215,12,9,3231.37,5,5,5,555,Champions
18219,3,17,3230.3,5,5,5,555,Champions
13313,22,12,3229.02,4,5,5,455,Champions
15140,52,8,3223.89,4,4,5,445,Champions
16271,16,8,3217.4700000000003,5,5,5,555,Champions
12645,34,8,3215.3,4,4,5,445,Champions
16107,18,7,3204.1600000000003,5,4,5,545,Champions
17147,23,9,3199.95,4,5,5,455,Champions
12951,9,15,3193.92,5,5,5,555,Champions
16918,50,16,3190.54,4,5,5,455,Champions
17621,21,6,3175.12,4,4,5,445,Champions
16365,18,15,3164.79,5,5,5,555,Champions
15027,31,10,3162.9,4,5,5,455,Champions
14306,51,6,3151.4,4,4,5,445,Champions
17702,30,6,3144.04,4,4,5,445,Champions
13268,18,10,3141.11,5,5,5,555,Champions
15602,8,16,3137.96,5,5,5,555,Champions
16837,31,11,3137.17,4,5,5,455,Champions
17354,51,4,3133.96,4,4,5,445,Champions
14963,10,12,3123.57,5,5,5,555,Champions
13685,3,7,3119.44,5,4,5,545,Champions
14897,8,8,3117.7400000000002,5,4,5,545,Champions
15916,16,13,3114.84,5,5,5,555,Champions
13692,25,5,3114.4,4,4,5,445,Champions
15983,22,8,3110.37,4,5,5,455,Champions
18188,15,6,3110.19,5,4,5,545,Champions
16678,3,12,3109.99,5,5,5,555,Champions
12589,29,6,3105.61,4,4,5,445,Champions
13538,43,12,3103.13,4,5,5,455,Champions
16515,52,10,3098.66,4,5,5,455,Champions
13464,58,6,3097.64,4,4,5,445,Champions
12569,2,32,3095.69,5,5,5,555,Champions
13804,31,9,3089.12,4,5,5,455,Champions
15031,4,14,3085.54,5,5,5,555,Champions
16933,1,9,3084.0,5,5,5,555,Champions
13742,17,12,3083.03,5,5,5,555,Champions
12937,15,9,3082.31,5,5,5,555,Champions
17929,11,12,3082.1,5,5,5,555,Champions
15105,18,9,3077.06,5,5,5,555,Champions
14312,47,11,3076.9900000000002,4,5,5,455,Champions
13772,34,8,3076.58,4,4,5,445,Champions
14700,32,5,3073.51,4,4,5,445,Champions
12619,16,9,3070.4,5,5,5,555,Champions
13196,11,7,3068.84,5,4,5,545,Champions
14507,24,11,3063.74,4,5,5,455,Champions
16560,27,8,3048.38,4,5,5,455,Champions
14044,27,10,3046.8,4,5,5,455,Champions
14673,3,7,3022.02,5,4,5,545,Champions
12849,31,6,3015.98,4,4,5,445,Champions
13647,10,8,3011.68,5,4,5,545,Champions
16007,48,7,3000.81,4,4,5,445,Champions
14621,1,9,3000.57,5,5,5,555,Champions
12909,40,8,2999.09,4,4,5,445,Champions
14456,5,9,2997.46,5,5,5,555,Champions
15687,9,9,2993.1,5,5,5,555,Champions
15681,25,14,2989.7000000000003,4,5,5,455,Champions
14226,29,6,2985.13,4,4,5,445,Champions
17655,11,9,2976.38,5,5,5,555,Champions
15611,10,24,2976.28,5,5,5,555,Champions
12838,34,10,2975.91,4,5,5,455,Champions
18241,10,21,2969.59,5,5,5,555,Champions
16120,59,6,2967.51,4,4,5,445,Champions
14506,17,7,2960.25,5,4,5,545,Champions
16416,27,9,2957.88,4,5,5,455,Champions
13012,9,11,2957.83,5,5,5,555,Champions
13110,31,12,2957.4700000000003,4,5,5,455,Champions
15967,23,12,2950.8,4,5,5,455,Champions
15754,51,9,2943.56,4,5,5,455,Champions
13890,1,14,2927.38,5,5,5,555,Champions
16358,1,5,2919.65,5,4,5,545,Champions
16012,35,5,2915.59,4,4,5,445,Champions
12877,4,20,2913.25,5,5,5,555,Champions
13557,28,13,2910.46,4,5,5,455,Champions
13784,10,14,2910.23,5,5,5,555,Champions
15329,39,10,2882.33,4,5,5,455,Champions
14251,2,5,2879.7000000000003,5,4,5,545,Champions
18170,33,9,2878.0,4,5,5,455,Champions
16711,3,9,2868.48,5,5,5,555,Champions
14005,10,5,2864.7599999999998,5,4,5,545,Champions
17961,21,100,2864.19,4,5,5,455,Champions
14524,32,13,2863.96,4,5,5,455,Champions
16979,4,9,2859.74,5,5,5,555,Champions
15043,31,6,2855.3199999999997,4,4,5,445,Champions
14293,3,9,2847.81,5,5,5,555,Champions
16062,10,8,2846.05,5,5,4,554,Champions
16554,42,8,2841.7200000000003,4,5,4,454,Champions
15392,5,7,2835.12,5,4,4,544,Champions
16775,10,16,2820.84,5,5,4,554,Champions
16225,45,15,2817.01,4,5,4,454,Champions
17386,8,7,2812.77,5,4,4,544,Champions
13728,37,16,2809.57,4,5,4,454,Champions
14233,49,7,2805.27,4,4,4,444,Champions
16633,17,6,2799.4,5,4,4,544,Champions
16871,22,6,2797.04,4,4,4,444,Champions
15373,8,17,2796.69,5,5,4,554,Champions
14903,21,5,2795.33,4,4,4,444,Champions
12863,52,6,2792.55,4,4,4,444,Champions
17679,53,5,2784.41,4,4,4,444,Champions
13477,38,11,2784.37,4,5,4,454,Champions
13719,15,11,2782.1,5,5,4,554,Champions
14035,29,9,2779.75,4,5,4,454,Champions
14711,10,11,2778.63,5,5,4,554,Champions
12826,3,12,2778.25,5,5,4,554,Champions
14869,9,6,2778.14,5,4,4,544,Champions
16764,4,13,2776.1,5,5,4,554,Champions
17228,16,13,2774.13,5,5,4,554,Champions
17031,12,6,2773.85,5,4,4,544,Champions
15965,17,13,2771.94,5,5,4,554,Champions
18210,2,7,2768.83,5,4,4,544,Champions
12906,12,5,2768.61,5,4,4,544,Champions
17790,27,20,2763.26,4,5,4,454,Champions
16407,13,14,2761.65,5,5,4,554,Champions
17368,23,14,2758.29,4,5,4,454,Champions
15993,9,7,2755.67,5,4,4,544,Champions
17870,2,13,2753.29,5,5,4,554,Champions
17115,8,7,2741.69,5,4,4,544,Champions
15073,10,8,2734.82,5,4,4,544,Champions
12391,22,6,2724.84,4,4,4,444,Champions
14404,34,13,2724.13,4,5,4,454,Champions
15563,22,6,2720.26,4,4,4,444,Champions
13077,1,11,2714.89,5,5,4,554,Champions
13695,31,16,2710.73,4,5,4,454,Champions
14808,40,8,2708.4,4,4,4,444,Champions
16190,40,8,2706.15,4,5,4,454,Champions
16359,7,16,2697.75,5,5,4,554,Champions
17530,1,12,2695.3,5,5,4,554,Champions
12820,3,11,2689.52,5,5,4,554,Champions
13032,52,8,2673.56,4,4,4,444,Champions
17490,1,9,2665.9,5,5,4,554,Champions
16369,18,7,2654.48,5,4,4,544,Champions
17720,26,10,2651.61,4,5,4,454,Champions
13203,10,10,2648.25,5,5,4,554,Champions
15910,1,15,2647.92,5,5,4,554,Champions
16618,31,5,2647.59,4,4,4,444,Champions
13736,5,6,2641.31,5,4,4,544,Champions
18283,4,22,2640.1,5,5,4,554,Champions
15814,17,6,2634.44,5,4,4,544,Champions
14748,29,10,2633.9,4,5,4,454,Champions
15157,4,5,2633.71,5,4,4,544,Champions
16434,29,12,2628.2400000000002,4,5,4,454,Champions
15671,19,7,2627.13,5,4,4,544,Champions
17884,4,20,2626.47,5,5,4,554,Champions
15142,46,6,2619.92,4,4,4,444,Champions
13211,10,10,2618.77,5,5,4,554,Champions
14262,8,8,2618.23,5,4,4,544,Champions
14397,3,19,2612.96,5,5,4,554,Champions
15660,25,15,2603.69,4,5,4,454,Champions
14229,52,7,2594.04,4,4,4,444,Champions
14129,2,9,2591.34,5,5,4,554,Champions
17744,4,7,2590.82,5,4,4,544,Champions
12685,28,6,2575.08,4,4,4,444,Champions
13700,26,13,2568.09,4,5,4,454,Champions
15826,56,4,2563.48,4,4,4,444,Champions
13862,18,9,2556.09,5,5,4,554,Champions
16206,55,13,2542.27,4,5,4,454,Champions
17095,23,7,2542.25,4,4,4,444,Champions
16817,3,13,2540.9,5,5,4,554,Champions
17463,16,7,2535.26,5,4,4,544,Champions
15434,8,11,2532.26,5,5,4,554,Champions
13623,31,10,2530.96,4,5,4,454,Champions
14659,9,9,2529.93,5,5,4,554,Champions
14790,17,10,2526.62,5,5,4,554,Champions
15033,5,10,2523.28,5,5,4,554,Champions
14315,45,8,2522.52,4,4,4,444,Champions
18179,9,8,2512.75,5,5,4,554,Champions
17101,10,7,2507.05,5,4,4,544,Champions
16232,44,7,2506.27,4,4,4,444,Champions
15747,13,9,2499.81,5,5,4,554,Champions
16987,3,11,2498.2,5,5,4,554,Champions
15021,9,12,2495.75,5,5,4,554,Champions
17262,52,11,2488.76,4,5,4,454,Champions
15862,8,13,2486.7400000000002,5,5,4,554,Champions
15117,15,8,2485.97,5,4,4,544,Champions
17043,32,8,2483.39,4,5,4,454,Champions
16115,10,12,2481.95,5,5,4,554,Champions
13588,16,9,2478.95,5,5,4,554,Champions
15227,37,9,2470.64,4,5,4,454,Champions
14421,57,6,2469.37,4,4,4,444,Champions
17288,9,11,2468.43,5,5,4,554,Champions
15906,20,10,2466.44,4,5,4,454,Champions
17131,5,5,2463.17,5,4,4,544,Champions
17470,45,11,2455.95,4,5,4,454,Champions
17676,4,10,2448.64,5,5,4,554,Champions
18171,59,9,2437.31,4,5,4,454,Champions
17629,6,10,2424.14,5,5,4,554,Champions
14696,4,8,2419.28,5,4,4,544,Champions
14205,17,9,2414.2,5,5,4,554,Champions
16470,52,11,2410.55,4,5,4,454,Champions
16833,1,6,2409.04,5,4,4,544,Champions
13949,3,6,2407.52,5,4,4,544,Champions
17164,33,7,2406.15,4,4,4,444,Champions
14502,20,11,2405.94,4,5,4,454,Champions
15215,47,7,2402.63,4,4,4,444,Champions
13118,20,9,2400.41,4,5,4,454,Champions
15793,15,8,2399.57,5,4,4,544,Champions
15111,29,5,2396.4700000000003,4,4,4,444,Champions
17348,15,9,2395.29,5,5,4,554,Champions
16638,23,15,2380.13,4,5,4,454,Champions
15489,23,8,2378.96,4,4,4,444,Champions
15089,10,6,2376.23,5,4,4,544,Champions
17434,2,7,2373.82,5,4,4,544,Champions
17090,4,11,2370.98,5,5,4,554,Champions
17827,5,6,2367.87,5,4,4,544,Champions
17623,33,7,2365.77,4,4,4,444,Champions
17634,36,9,2358.59,4,5,4,454,Champions
13813,40,8,2357.4700000000003,4,4,4,444,Champions
13173,4,11,2349.92,5,5,4,554,Champions
12676,25,10,2333.09,4,5,4,454,Champions
14810,41,13,2331.44,4,5,4,454,Champions
15860,41,17,2326.28,4,5,4,454,Champions
17004,46,4,2324.36,4,4,4,444,Champions
16628,30,7,2318.1,4,4,4,444,Champions
12948,16,9,2317.43,5,5,4,554,Champions
16005,12,10,2316.28,5,5,4,554,Champions
16496,9,6,2313.37,5,4,4,544,Champions
17193,36,9,2310.04,4,5,4,454,Champions
13704,5,9,2308.06,5,5,4,554,Champions
16085,23,12,2300.01,4,5,4,454,Champions
13614,24,6,2297.64,4,4,4,444,Champions
15932,4,8,2295.83,5,4,4,544,Champions
16676,34,6,2293.05,4,4,4,444,Champions
17018,41,6,2287.7,4,4,4,444,Champions
16531,22,11,2280.93,4,5,4,454,Champions
14555,57,6,2264.53,4,4,4,444,Champions
13117,22,18,2255.66,4,5,4,454,Champions
13994,4,6,2254.34,5,4,4,544,Champions
17414,44,6,2249.52,4,4,4,444,Champions
15865,41,5,2241.42,4,4,4,444,Champions
12423,1,10,2238.09,5,5,4,554,Champions
16350,21,9,2236.4900000000002,4,5,4,454,Champions
16076,3,10,2234.73,5,5,4,554,Champions
14449,19,8,2230.96,5,4,4,544,Champions
17180,56,11,2219.37,4,5,4,454,Champions
14321,11,7,2218.06,5,4,4,544,Champions
16177,50,8,2216.71,4,5,4,454,Champions
18177,31,9,2216.32,4,5,4,454,Champions
13652,46,5,2216.15,4,4,4,444,Champions
16042,22,8,2214.72,4,5,4,454,Champions
13094,21,13,2209.44,4,5,4,454,Champions
14834,18,7,2206.16,5,4,4,544,Champions
17075,18,10,2206.03,5,5,4,554,Champions
15550,4,12,2205.95,5,5,4,554,Champions
14467,18,12,2203.2400000000002,5,5,4,554,Champions
14432,10,6,2202.6,5,4,4,544,Champions
13410,24,9,2201.96,4,5,4,454,Champions
13455,25,6,2197.69,4,4,4,444,Champions
15864,22,7,2180.76,4,4,4,444,Champions
17324,18,12,2171.07,5,5,4,554,Champions
13643,31,10,2156.77,4,5,4,454,Champions
15426,19,9,2156.35,5,5,4,554,Champions
16966,8,7,2154.97,5,4,4,544,Champions
17272,42,4,2148.63,4,4,4,444,Champions
14595,20,8,2145.45,4,4,4,444,Champions
16379,4,4,2137.6,5,4,4,544,Champions
12856,8,6,2127.43,5,4,4,544,Champions
16996,30,9,2123.61,4,5,4,454,Champions
14691,31,5,2114.33,4,4,4,444,Champions
16201,3,5,2112.12,5,4,4,544,Champions
12997,22,8,2110.91,4,4,4,444,Champions
14216,3,5,2104.44,5,4,4,544,Champions
13755,4,9,2102.26,5,5,4,554,Champions
14499,26,7,2101.79,4,4,4,444,Champions
14597,11,6,2100.53,5,4,4,544,Champions
17159,22,5,2099.59,4,4,4,444,Champions
12584,4,9,2095.63,5,5,4,554,Champions
16134,22,5,2095.54,4,4,4,444,Champions
13265,53,5,2092.66,4,4,4,444,Champions
16600,4,13,2085.79,5,5,4,554,Champions
17705,3,11,2083.9,5,5,4,554,Champions
12724,5,7,2083.52,5,4,4,544,Champions
14443,54,5,2082.9700000000003,4,4,4,444,Champions
13610,12,14,2080.61,5,5,4,554,Champions
12684,8,6,2073.63,5,4,4,544,Champions
16016,3,11,2067.4,5,5,4,554,Champions
16934,55,6,2065.14,4,4,4,444,Champions
16726,26,7,2063.88,4,4,4,444,Champions
15253,16,8,2055.09,5,4,4,544,Champions
14188,31,6,2054.36,4,4,4,444,Champions
17666,4,5,2047.8,5,4,4,544,Champions
15473,14,8,2046.0,5,4,4,544,Champions
16235,41,8,2043.71,4,5,4,454,Champions
17086,7,6,2035.0800000000002,5,4,4,544,Champions
17289,32,9,2034.15,4,5,4,454,Champions
15506,23,6,2030.33,4,4,4,444,Champions
15252,36,5,2027.81,4,4,4,444,Champions
12599,29,13,2026.72,4,5,4,454,Champions
14232,43,5,2025.63,4,4,4,444,Champions
17633,31,7,2017.79,4,4,4,444,Champions
15272,57,6,2017.25,4,4,4,444,Champions
13630,5,7,2016.78,5,4,4,544,Champions
17671,16,5,2009.16,5,4,4,544,Champions
14631,51,6,2008.29,4,4,4,444,Champions
15990,44,7,1997.75,4,4,4,444,Champions
16332,28,11,1997.49,4,5,4,454,Champions
12576,36,8,1993.3600000000001,4,4,4,444,Champions
16794,1,15,1990.43,5,5,4,554,Champions
16960,39,8,1983.89,4,5,4,454,Champions
14967,50,6,1982.6100000000001,4,4,4,444,Champions
17158,32,5,1980.0,4,4,4,444,Champions
17797,22,8,1971.8700000000001,4,5,4,454,Champions
17088,28,4,1971.21,4,4,4,444,Champions
14477,20,7,1969.6,4,4,4,444,Champions
16221,37,9,1964.67,4,5,4,454,Champions
17351,36,12,1964.38,4,5,4,454,Champions
17966,38,10,1963.92,4,5,4,454,Champions
13725,50,8,1960.76,4,4,4,444,Champions
18016,32,7,1954.56,4,4,4,444,Champions
13761,50,6,1941.97,4,4,4,444,Champions
15561,12,8,1934.3899999999999,5,4,4,544,Champions
17236,13,12,1929.26,5,5,4,554,Champions
13029,31,5,1927.3,4,4,4,444,Champions
14332,23,5,1917.41,4,4,4,444,Champions
16555,35,6,1915.68,4,4,4,444,Champions
14730,1,8,1897.57,5,4,4,544,Champions
13984,27,12,1893.8,4,5,4,454,Champions
17350,8,7,1893.701,5,4,4,544,Champions
16660,16,7,1879.55,5,4,4,544,Champions
17227,19,12,1878.93,5,5,4,554,Champions
14901,11,12,1875.65,5,5,4,554,Champions
17609,41,11,1875.36,4,5,4,454,Champions
16942,13,9,1874.39,5,5,4,554,Champions
14710,14,13,1873.89,5,5,4,554,Champions
16426,2,10,1863.76,5,5,4,554,Champions
16043,38,8,1856.5900000000001,4,5,4,454,Champions
15081,22,12,1854.57,4,5,4,454,Champions
14912,17,5,1849.58,5,4,4,544,Champions
15197,11,6,1846.9099999999999,5,4,4,544,Champions
16049,40,6,1842.4,4,4,4,444,Champions
15822,3,6,1840.06,5,4,4,544,Champions
18180,5,6,1833.55,5,4,4,544,Champions
14623,32,10,1828.7,4,5,4,454,Champions
13168,36,5,1827.98,4,4,4,444,Champions
16825,39,5,1826.89,4,4,4,444,Champions
13884,7,10,1823.78,5,5,4,554,Champions
16169,8,4,1822.97,5,4,4,544,Champions
14738,43,9,1821.9,4,5,4,454,Champions
14553,19,9,1818.6,5,5,4,554,Champions
15807,50,5,1817.52,4,4,4,444,Champions
13924,2,6,1810.77,5,4,4,544,Champions
16205,31,7,1803.31,4,4,4,444,Champions
16249,53,5,1800.07,4,4,4,444,Champions
14794,3,10,1793.3500000000001,5,5,4,554,Champions
14708,3,5,1793.22,5,4,4,544,Champions
16474,7,7,1790.64,5,4,4,544,Champions
14723,10,11,1787.31,5,5,4,554,Champions
13782,13,13,1786.08,5,5,4,554,Champions
18122,8,6,1786.04,5,4,4,544,Champions
16880,31,8,1785.16,4,5,4,454,Champions
18161,15,6,1783.3,5,4,4,544,Champions
12518,1,5,1779.69,5,4,4,544,Champions
15220,52,6,1778.96,4,4,4,444,Champions
14715,25,8,1778.95,4,4,4,444,Champions
16770,58,9,1778.93,4,5,4,454,Champions
18236,30,12,1777.95,4,5,4,454,Champions
17244,53,5,1775.04,4,4,4,444,Champions
15452,30,6,1774.27,4,4,4,444,Champions
17888,21,25,1772.04,4,5,4,454,Champions
15608,28,5,1770.68,4,4,4,444,Champions
13717,32,8,1763.3,4,4,4,444,Champions
15530,22,5,1762.78,4,4,4,444,Champions
15594,16,5,1761.58,5,4,4,544,Champions
16110,45,4,1758.74,4,4,4,444,Champions
17554,1,5,1754.45,5,4,4,544,Champions
13456,18,6,1751.72,5,4,4,544,Champions
14522,24,8,1748.42,4,4,4,444,Champions
16639,31,4,1747.98,4,4,4,444,Champions
13808,6,5,1747.66,5,4,4,544,Champions
15605,36,9,1741.95,4,5,4,454,Champions
12704,7,8,1740.84,5,4,4,544,Champions
17974,25,6,1739.09,4,4,4,444,Champions
16348,32,8,1736.58,4,5,4,454,Champions
16511,22,6,1732.24,4,4,4,444,Champions
17432,18,9,1728.99,5,5,4,554,Champions
16809,23,9,1727.43,4,5,4,454,Champions
14075,5,5,1724.87,5,4,4,544,Champions
17190,59,7,1724.73,4,4,4,444,Champions
16119,8,8,1720.81,5,5,4,554,Champions
15267,22,5,1717.36,4,4,4,444,Champions
13705,8,7,1717.19,5,4,4,544,Champions
17162,29,10,1715.46,4,5,4,454,Champions
14741,12,7,1713.0900000000001,5,4,4,544,Champions
14447,19,6,1711.73,5,4,4,544,Champions
13104,3,9,1709.1,5,5,4,554,Champions
13309,7,6,1706.3700000000001,5,4,4,544,Champions
14859,13,5,1705.64,5,4,4,544,Champions
13026,1,9,1705.0,5,5,4,554,Champions
14704,20,9,1703.33,4,5,4,454,Champions
17451,1,7,1701.6000000000001,5,4,4,544,Champions
16891,2,11,1701.29,5,5,4,554,Champions
16620,4,6,1698.33,5,4,4,544,Champions
17813,14,5,1698.07,5,4,4,544,Champions
16899,8,8,1695.77,5,5,4,554,Champions
17135,16,10,1693.88,5,5,4,554,Champions
13838,6,10,1683.67,5,5,4,554,Champions
13566,41,5,1681.85,4,4,4,444,Champions
16768,48,9,1681.17,4,5,4,454,Champions
17750,5,9,1676.61,5,5,4,554,Champions
13184,15,10,1667.95,5,5,4,554,Champions
13064,13,6,1666.84,5,4,4,544,Champions
17321,8,6,1665.21,5,4,4,544,Champions
15551,37,7,1664.51,4,4,4,444,Champions
12912,3,5,1662.3,5,4,4,544,Champions
15214,2,8,1661.44,5,4,4,544,Champions
18276,44,6,1656.52,4,4,4,444,Champions
17041,27,6,1655.2,4,4,4,444,Champions
12352,36,9,1640.14,4,5,4,454,Champions
14583,6,8,1636.51,5,4,4,544,Champions
16813,8,10,1632.93,5,5,4,554,Champions
17571,50,5,1629.66,4,4,4,444,Champions
12528,9,6,1628.08,5,4,4,544,Champions
18096,12,6,1624.01,5,4,4,544,Champions
12933,24,8,1623.88,4,4,4,444,Champions
17006,5,8,1615.6200000000001,5,5,4,554,Champions
12577,35,8,1613.15,4,4,4,444,Champions
15172,9,5,1609.05,5,4,4,544,Champions
16224,57,5,1606.58,4,4,4,444,Champions
17515,31,9,1602.51,4,5,4,454,Champions
15134,15,10,1596.29,5,5,4,554,Champions
17345,15,10,1586.63,5,5,4,554,Champions
14178,9,7,1579.47,5,4,4,544,Champions
13417,5,6,1577.69,5,4,4,544,Champions
15289,29,5,1575.69,4,4,4,444,Champions
16099,50,7,1573.2,4,4,4,444,Champions
14719,2,5,1570.98,5,4,4,544,Champions
17624,15,4,1568.63,5,4,4,544,Champions
17534,54,5,1565.69,4,4,4,444,Champions
12494,16,9,1563.27,5,5,4,554,Champions
17235,25,8,1562.98,4,5,4,454,Champions
17867,30,14,1560.72,4,5,4,454,Champions
14587,19,9,1558.54,5,5,4,554,Champions
16394,57,5,1555.34,4,4,4,444,Champions
14198,18,9,1554.73,5,5,4,554,Champions
18149,51,7,1553.96,4,4,4,444,Champions
12775,17,7,1551.1200000000001,5,4,4,544,Champions
14987,16,8,1550.6499999999999,5,4,4,544,Champions
16366,19,4,1548.13,5,4,4,544,Champions
17323,15,12,1547.64,5,5,4,554,Champions
16790,4,6,1545.6200000000001,5,4,4,544,Champions
18036,32,11,1545.49,4,5,4,454,Champions
16915,9,11,1543.18,5,5,4,554,Champions
17886,32,6,1541.95,4,4,4,444,Champions
13310,28,5,1541.2,4,4,4,444,Champions
15987,12,8,1534.54,5,5,4,554,Champions
18252,51,7,1528.74,4,4,4,444,Champions
12778,20,9,1524.28,4,5,4,454,Champions
15587,50,7,1522.08,4,4,4,444,Champions
16066,17,5,1515.94,5,4,4,544,Champions
13939,23,7,1510.86,4,4,4,444,Champions
18022,36,5,1506.62,4,4,4,444,Champions
15110,24,6,1505.8500000000001,4,4,4,444,Champions
16910,4,8,1504.61,5,5,4,554,Champions
16239,57,6,1492.2,4,4,4,444,Champions
17540,25,6,1486.2,4,4,4,444,Champions
16017,47,5,1484.68,4,4,4,444,Champions
16907,29,9,1470.89,4,5,4,454,Champions
15101,9,6,1462.94,5,4,4,544,Champions
14754,45,6,1461.23,4,4,4,444,Champions
14829,29,7,1455.8700000000001,4,4,4,444,Champions
16569,3,5,1455.23,5,4,4,544,Champions
16121,57,5,1450.04,4,4,4,444,Champions
17837,42,8,1447.18,4,5,4,454,Champions
17073,18,4,1444.84,5,4,4,544,Champions
17175,44,4,1443.69,4,4,4,444,Champions
17734,54,6,1442.32,4,4,4,444,Champions
14684,26,6,1428.78,4,4,4,444,Champions
17764,51,5,1428.17,4,4,4,444,Champions
14657,18,6,1426.99,5,4,4,544,Champions
17411,12,5,1425.38,5,4,4,544,Champions
18221,22,6,1424.94,4,4,4,444,Champions
15106,18,5,1422.52,5,4,4,544,Champions
16463,21,4,1422.4,4,4,4,444,Champions
14071,4,8,1421.09,5,4,4,544,Champions
12407,50,5,1420.12,4,4,4,444,Champions
17290,4,8,1415.88,5,5,4,554,Champions
17545,43,6,1409.8600000000001,4,4,4,444,Champions
12970,7,10,1404.99,5,5,4,554,Champions
15186,14,5,1403.2,5,4,4,544,Champions
17856,2,4,1403.03,5,4,4,544,Champions
14116,20,5,1382.74,4,4,4,444,Champions
16173,16,6,1381.12,5,4,4,544,Champions
16848,53,4,1381.02,4,4,4,444,Champions
14861,52,10,1380.73,4,5,4,454,Champions
14853,24,5,1376.87,4,4,4,444,Champions
14434,22,6,1372.8,4,4,4,444,Champions
15453,2,7,1371.77,5,4,4,544,Champions
12695,7,7,1371.1200000000001,5,4,4,544,Champions
13155,33,6,1370.48,4,4,4,444,Champions
16389,53,4,1367.0700000000002,4,4,4,444,Champions
14577,13,7,1364.15,5,4,4,544,Champions
14662,29,7,1361.1299999999999,4,4,4,444,Champions
17054,28,5,1346.1299999999999,4,4,4,444,Champions
13579,15,5,1343.74,5,4,4,544,Champions
13743,3,7,1341.6,5,4,4,544,Champions
12919,8,6,1335.19,5,4,4,544,Champions
16295,10,4,1328.55,5,4,4,544,Champions
14511,11,5,1314.81,5,4,4,544,Champions
14618,9,7,1312.32,5,4,4,544,Champions
16929,4,7,1295.39,5,4,4,544,Champions
16212,19,4,1293.71,5,4,4,544,Champions
16372,33,5,1290.31,4,4,4,444,Champions
16949,4,6,1286.27,5,4,4,544,Champions
17109,29,8,1284.81,4,5,4,454,Champions
13617,40,8,1278.75,4,4,4,444,Champions
17521,30,5,1278.06,4,4,4,444,Champions
14820,21,9,1274.76,4,5,4,454,Champions
13760,54,5,1274.3899999999999,4,4,4,444,Champions
13138,22,7,1274.01,4,4,4,444,Champions
13232,13,7,1272.7,5,4,4,544,Champions
14167,39,8,1268.49,4,4,4,444,Champions
13892,27,6,1267.65,4,4,4,444,Champions
14487,27,7,1266.27,4,4,4,444,Champions
17951,40,4,1264.98,4,4,4,444,Champions
17034,16,5,1261.42,5,4,4,544,Champions
16688,1,4,1260.8600000000001,5,4,4,544,Champions
17759,17,5,1260.63,5,4,4,544,Champions
18035,36,5,1260.23,4,4,4,444,Champions
12993,23,8,1259.63,4,4,4,444,Champions
16744,11,7,1257.26,5,4,4,544,Champions
17481,4,4,1255.59,5,4,4,544,Champions
15584,24,6,1252.9,4,4,4,444,Champions
14984,19,6,1252.26,5,4,4,544,Champions
14419,11,7,1249.69,5,4,4,544,Champions
18135,29,10,1249.6200000000001,4,5,4,454,Champions
13860,1,5,1245.9,5,4,4,544,Champions
17076,36,6,1242.75,4,4,4,444,Champions
15809,36,7,1235.92,4,4,4,444,Champions
14871,3,9,1228.17,5,5,4,554,Champions
14428,7,5,1221.51,5,4,4,544,Champions
14698,2,5,1217.27,5,4,4,544,Champions
17410,16,5,1214.72,5,4,4,544,Champions
16830,39,4,1207.5,4,4,4,444,Champions
12537,409,1,595.54,1,1,2,112,Hibernating
14771,621,2,594.62,1,2,2,122,Hibernating
15442,249,1,594.0,2,1,2,212,Hibernating
15929,644,1,594.0,1,1,2,112,Hibernating
13472,464,2,592.24,1,2,2,122,Hibernating
17815,393,1,591.96,2,2,2,222,Hibernating
17156,492,1,591.87,1,2,2,122,Hibernating
13270,366,1,590.0,2,1,2,212,Hibernating
13836,399,2,587.67,2,2,2,222,Hibernating
14611,444,2,586.93,1,2,2,122,Hibernating
16001,381,1,583.39,2,1,2,212,Hibernating
16100,463,1,582.64,1,1,2,112,Hibernating
16802,679,2,582.61,1,2,2,122,Hibernating
17099,533,1,582.17,1,2,2,122,Hibernating
15588,678,1,579.6,1,1,2,112,Hibernating
12859,459,1,575.1,1,1,2,112,Hibernating
16675,442,2,574.06,1,2,2,122,Hibernating
13179,619,1,572.3100000000001,1,1,2,112,Hibernating
13706,303,2,569.97,2,2,2,222,Hibernating
15169,382,2,569.22,2,2,2,222,Hibernating
13406,427,2,568.92,1,2,2,122,Hibernating
14932,366,2,566.13,2,2,2,222,Hibernating
12699,418,1,566.11,1,1,2,112,Hibernating
14742,435,1,564.55,1,1,2,112,Hibernating
15143,226,2,563.63,2,2,2,222,Hibernating
14986,376,2,563.1,2,2,2,222,Hibernating
17665,493,1,563.1,1,2,2,122,Hibernating
17195,655,1,562.98,1,2,2,122,Hibernating
17970,211,1,562.79,2,2,2,222,Hibernating
15655,243,1,560.6700000000001,2,1,2,212,Hibernating
12707,292,1,557.82,2,1,2,212,Hibernating
13424,450,1,555.37,1,1,2,112,Hibernating
15102,531,2,554.67,1,2,2,122,Hibernating
17407,412,1,552.9,1,2,2,122,Hibernating
17016,577,1,552.4,1,2,2,122,Hibernating
13677,405,2,551.24,2,2,2,222,Hibernating
17291,308,1,550.8000000000001,2,2,2,222,Hibernating
15200,495,1,549.0500000000001,1,1,2,112,Hibernating
15842,393,2,548.8000000000001,2,2,2,222,Hibernating
15350,373,2,547.6,2,2,2,222,Hibernating
12790,192,2,546.85,2,2,2,222,Hibernating
15080,428,2,546.25,1,2,2,122,Hibernating
15728,380,2,544.6,2,2,2,222,Hibernating
18207,499,1,544.47,1,2,2,122,Hibernating
16230,190,2,542.03,2,2,2,222,Hibernating
15627,457,2,541.7,1,2,2,122,Hibernating
12819,458,1,540.52,1,1,2,112,Hibernating
13961,392,1,538.4,2,1,2,212,Hibernating
12575,457,2,538.22,1,2,2,122,Hibernating
18140,474,1,536.41,1,2,2,122,Hibernating
12810,535,2,534.99,1,2,2,122,Hibernating
13385,330,1,534.57,2,1,2,212,Hibernating
15650,522,2,534.08,1,2,2,122,Hibernating
16785,410,1,533.78,1,2,2,122,Hibernating
15433,214,2,533.3,2,2,2,222,Hibernating
14940,418,2,531.49,1,2,2,122,Hibernating
18159,301,1,530.15,2,2,2,222,Hibernating
18098,396,1,527.94,2,2,2,222,Hibernating
15415,313,1,526.21,2,1,2,212,Hibernating
16576,420,2,525.87,1,2,2,122,Hibernating
14417,388,1,524.65,2,1,2,212,Hibernating
13605,387,2,522.67,2,2,2,222,Hibernating
16142,250,1,520.34,2,1,2,212,Hibernating
13977,411,1,519.8100000000001,1,1,2,112,Hibernating
13600,312,2,518.42,2,2,2,222,Hibernating
12979,729,1,517.7,1,1,2,112,Hibernating
14311,243,2,516.45,2,2,2,222,Hibernating
13859,326,2,515.86,2,2,2,222,Hibernating
18243,414,1,515.78,1,2,2,122,Hibernating
15891,227,1,509.13,2,1,2,212,Hibernating
14008,432,1,509.04,1,1,2,112,Hibernating
13885,189,2,506.8,2,2,2,222,Hibernating
13123,473,2,506.75,1,2,2,122,Hibernating
12988,292,1,505.82,2,1,2,212,Hibernating
14807,391,2,504.14,2,2,2,222,Hibernating
12825,521,2,501.23,1,2,2,122,Hibernating
14429,404,1,500.98,2,1,2,212,Hibernating
12800,470,2,500.25,1,2,2,122,Hibernating
12366,634,1,500.24,1,1,2,112,Hibernating
13553,675,1,499.6,1,1,2,112,Hibernating
13493,275,2,498.63,2,2,2,222,Hibernating
12943,558,2,496.5,1,2,2,122,Hibernating
14319,424,1,494.85,1,1,2,112,Hibernating
14647,201,2,494.44,2,2,2,222,Hibernating
12907,396,2,493.61,2,2,2,222,Hibernating
14270,332,1,492.65000000000003,2,1,2,212,Hibernating
16111,428,1,492.53,1,1,2,112,Hibernating
14310,433,1,492.1,1,1,2,112,Hibernating
17269,386,1,491.81,2,2,2,222,Hibernating
12983,598,1,490.08,1,1,2,112,Hibernating
13024,471,2,488.37,1,2,2,122,Hibernating
15165,373,1,487.75,2,1,2,212,Hibernating
13412,620,1,487.35,1,1,2,112,Hibernating
16021,395,2,487.03,2,2,2,222,Hibernating
12777,458,1,484.65,1,1,2,112,Hibernating
17276,402,1,483.84000000000003,2,2,2,222,Hibernating
12542,484,2,481.88,1,2,2,122,Hibernating
17106,389,1,481.58000000000004,2,2,2,222,Hibernating
15174,323,2,481.46,2,2,2,222,Hibernating
18176,358,1,476.35,2,2,2,222,Hibernating
17104,424,1,474.03000000000003,1,2,2,122,Hibernating
16635,407,1,473.0,2,1,2,212,Hibernating
13161,313,2,472.13,2,2,2,222,Hibernating
14663,430,2,471.6,1,2,2,122,Hibernating
14237,373,2,471.14,2,2,2,222,Hibernating
14058,463,2,469.19,1,2,2,122,Hibernating
14369,642,2,469.13,1,2,2,122,Hibernating
15387,492,1,468.65,1,1,2,112,Hibernating
12797,366,2,468.08000000000004,2,2,2,222,Hibernating
15138,394,1,467.42,2,1,2,212,Hibernating
12958,400,2,467.34,2,2,2,222,Hibernating
14148,234,2,466.29,2,2,2,222,Hibernating
14627,379,1,462.75,2,1,2,212,Hibernating
13624,388,1,462.08,2,1,2,212,Hibernating
13367,432,1,460.2,1,1,2,112,Hibernating
14118,429,1,458.45,1,1,2,112,Hibernating
14599,390,2,457.89,2,2,2,222,Hibernating
14011,480,2,457.82,1,2,2,122,Hibernating
14296,421,2,456.4,1,2,2,122,Hibernating
16039,424,2,456.4,1,2,2,122,Hibernating
13043,273,1,455.22,2,1,2,212,Hibernating
16765,294,2,454.75,2,2,2,222,Hibernating
17140,247,1,454.12,2,2,2,222,Hibernating
16481,682,1,453.38,1,1,2,112,Hibernating
16799,432,2,452.78000000000003,1,2,2,122,Hibernating
13733,411,2,452.23,1,2,2,122,Hibernating
13698,597,2,451.73,1,2,2,122,Hibernating
15961,379,1,451.28999999999996,2,1,2,212,Hibernating
16870,469,1,450.16,1,2,2,122,Hibernating
15126,537,2,449.49,1,2,2,122,Hibernating
15418,425,2,449.42,1,2,2,122,Hibernating
12559,311,2,449.21000000000004,2,2,2,222,Hibernating
18201,723,1,447.53000000000003,1,2,2,122,Hibernating
16095,456,1,447.05,1,1,2,112,Hibernating
14149,221,1,446.62,2,1,2,212,Hibernating
18031,379,1,445.5,2,2,2,222,Hibernating
14010,565,2,445.15,1,2,2,122,Hibernating
16424,191,2,443.06,2,2,2,222,Hibernating
16069,418,1,442.4,1,1,2,112,Hibernating
14996,481,2,442.28999999999996,1,2,2,122,Hibernating
18233,326,1,440.0,2,2,2,222,Hibernating
13086,383,1,439.33000000000004,2,1,2,212,Hibernating
13964,387,2,438.9,2,2,2,222,Hibernating
17729,596,1,438.65000000000003,1,2,2,122,Hibernating
15859,432,1,438.46,1,1,2,112,Hibernating
14846,427,1,437.4,1,1,2,112,Hibernating
14123,733,1,436.18,1,1,2,112,Hibernating
16084,299,1,436.18,2,1,2,212,Hibernating
16166,428,2,435.83,1,2,2,122,Hibernating
13738,396,1,434.78000000000003,2,1,2,212,Hibernating
16310,414,2,434.58,1,2,2,122,Hibernating
18029,642,1,433.77,1,2,2,122,Hibernating
17687,421,1,432.68,1,2,2,122,Hibernating
16604,563,2,432.45000000000005,1,2,2,122,Hibernating
14042,725,1,431.98,1,1,2,112,Hibernating
13432,571,2,431.6,1,2,2,122,Hibernating
17842,602,1,430.69,1,2,2,122,Hibernating
15461,461,2,429.7,1,2,2,122,Hibernating
14979,735,1,429.66,1,1,2,112,Hibernating
18152,646,1,426.69,1,2,2,122,Hibernating
14288,213,1,426.6,2,1,2,212,Hibernating
15966,451,1,426.53,1,1,2,112,Hibernating
15217,563,1,426.24,1,1,2,112,Hibernating
14877,418,2,425.85,1,2,2,122,Hibernating
13703,318,2,425.56,2,2,2,222,Hibernating
17178,731,1,425.46000000000004,1,2,2,122,Hibernating
17103,722,1,424.3,1,2,2,122,Hibernating
16541,735,1,424.03,1,1,2,112,Hibernating
14097,481,2,422.86,1,2,2,122,Hibernating
16137,680,1,422.7,1,1,2,112,Hibernating
15711,557,2,420.25,1,2,2,122,Hibernating
13096,394,1,419.7000000000001,2,1,2,212,Hibernating
15613,610,1,418.71999999999997,1,1,2,112,Hibernating
13073,411,2,418.08,1,2,2,122,Hibernating
16522,436,2,418.06,1,2,2,122,Hibernating
17701,253,1,417.95,2,2,2,222,Hibernating
14762,264,2,417.57,2,2,2,222,Hibernating
15011,396,2,416.6,2,2,2,222,Hibernating
16355,375,1,416.35,2,1,2,212,Hibernating
12608,405,1,415.79,2,1,2,212,Hibernating
14082,365,2,413.36,2,2,2,222,Hibernating
18284,432,1,411.68,1,2,2,122,Hibernating
15225,234,1,409.40000000000003,2,1,2,212,Hibernating
12974,198,2,408.95,2,2,2,222,Hibernating
16632,486,2,406.4,1,2,2,122,Hibernating
18111,589,1,405.85,1,2,2,122,Hibernating
13143,585,1,405.1,1,1,2,112,Hibernating
13640,611,1,405.0,1,1,2,112,Hibernating
15941,637,1,405.0,1,1,2,112,Hibernating
16319,218,1,404.40000000000003,2,1,2,212,Hibernating
13530,634,1,402.98,1,1,2,112,Hibernating
12564,261,1,402.90000000000003,2,1,2,212,Hibernating
16315,331,2,402.71,2,2,2,222,Hibernating
12386,338,2,401.9,2,2,2,222,Hibernating
15968,388,1,401.8,2,1,2,212,Hibernating
14471,591,2,400.95,1,2,2,122,Hibernating
12447,243,1,400.89,2,1,2,212,Hibernating
17168,499,1,400.2,1,2,2,122,Hibernating
14358,389,2,400.06,2,2,2,222,Hibernating
15501,405,2,399.95,2,2,2,222,Hibernating
13574,411,1,399.5,1,1,2,112,Hibernating
13252,394,2,399.3,2,2,2,222,Hibernating
18128,537,1,399.29,1,2,2,122,Hibernating
15230,239,2,399.0,2,2,2,222,Hibernating
12459,605,1,398.36,1,1,2,112,Hibernating
14620,206,2,397.78000000000003,2,2,2,222,Hibernating
15037,376,2,397.76,2,2,2,222,Hibernating
14575,488,1,396.92,1,1,2,112,Hibernating
17486,261,1,396.87,2,2,2,222,Hibernating
13597,400,2,396.71,2,2,2,222,Hibernating
13879,646,1,395.5,1,1,2,112,Hibernating
18089,447,1,392.75,1,2,2,122,Hibernating
12419,386,2,391.01,2,2,2,222,Hibernating
14072,667,1,390.85,1,1,2,112,Hibernating
15437,262,2,390.55,2,2,2,222,Hibernating
14197,411,1,390.05,1,1,2,112,Hibernating
12672,330,2,389.65000000000003,2,2,2,222,Hibernating
17479,633,1,389.26000000000005,1,2,2,122,Hibernating
13358,269,1,389.03000000000003,2,1,2,212,Hibernating
13896,626,1,388.55,1,1,2,112,Hibernating
14678,579,1,388.09000000000003,1,1,2,112,Hibernating
18083,398,1,387.03,2,2,2,222,Hibernating
16148,296,2,386.62,2,2,2,222,Hibernating
16492,541,1,385.56,1,1,2,112,Hibernating
12973,414,1,385.55,1,1,2,112,Hibernating
14826,582,2,385.2,1,2,2,122,Hibernating
17617,559,1,385.19,1,2,2,122,Hibernating
12554,449,1,384.5,1,1,2,112,Hibernating
15155,383,1,383.96999999999997,2,1,2,212,Hibernating
12376,390,2,383.15,2,2,2,222,Hibernating
14767,474,1,382.81,1,1,2,112,Hibernating
17116,648,1,382.28,1,2,2,122,Hibernating
17431,313,1,382.2,2,2,2,222,Hibernating
18100,550,1,381.96,1,2,2,122,Hibernating
16304,695,1,381.66,1,1,2,112,Hibernating
16552,243,2,379.73,2,2,2,222,Hibernating
17598,381,1,379.38,2,2,2,222,Hibernating
14200,617,1,379.2,1,1,2,112,Hibernating
14348,260,1,378.97,2,1,2,212,Hibernating
12941,724,1,377.49,1,1,2,112,Hibernating
18285,661,1,377.0,1,2,2,122,Hibernating
17717,421,1,376.92,1,2,2,122,Hibernating
14531,480,1,376.34,1,1,2,112,Hibernating
13688,635,1,375.5,1,1,2,112,Hibernating
14294,407,1,375.34000000000003,2,1,2,212,Hibernating
16783,437,1,374.55,1,2,2,122,Hibernating
17568,633,1,374.45,1,2,2,122,Hibernating
15337,411,1,373.02,1,1,2,112,Hibernating
13197,610,1,373.01000000000005,1,1,2,112,Hibernating
13374,415,2,372.8,1,2,2,122,Hibernating
13164,569,2,372.2,1,2,2,122,Hibernating
12353,204,2,371.96,2,2,2,222,Hibernating
18162,732,1,371.51,1,2,2,122,Hibernating
15063,213,1,370.79999999999995,2,1,2,212,Hibernating
15765,667,1,370.63,1,1,2,112,Hibernating
14168,421,2,370.45,1,2,2,122,Hibernating
15922,373,1,369.5,2,1,2,212,Hibernating
14888,207,1,369.2,2,1,2,212,Hibernating
15477,650,1,368.4,1,1,2,112,Hibernating
15989,376,2,368.31,2,2,2,222,Hibernating
14706,619,1,367.54,1,1,2,112,Hibernating
14018,645,1,367.15,1,1,2,112,Hibernating
14244,661,1,366.41999999999996,1,1,2,112,Hibernating
12899,414,1,366.4,1,1,2,112,Hibernating
12443,732,1,365.31,1,1,2,112,Hibernating
15029,620,1,365.1,1,1,2,112,Hibernating
16577,667,1,365.0,1,1,2,112,Hibernating
13545,391,2,364.93,2,2,2,222,Hibernating
14886,253,1,364.8,2,1,2,212,Hibernating
15915,402,1,364.24,2,1,2,212,Hibernating
16509,297,1,363.70000000000005,2,1,2,212,Hibernating
14253,493,2,363.40000000000003,1,2,2,122,Hibernating
14840,268,2,362.71000000000004,2,2,2,222,Hibernating
14736,485,2,362.45,1,2,2,122,Hibernating
15090,308,1,361.52,2,1,2,212,Hibernating
16448,198,2,361.12,2,2,2,222,Hibernating
13274,409,1,360.85,1,1,2,112,Hibernating
18091,593,1,360.85,1,2,2,122,Hibernating
17012,725,1,360.61,1,2,2,122,Hibernating
18208,566,1,360.08,1,2,2,122,Hibernating
12634,548,1,360.0,1,1,2,112,Hibernating
15008,480,2,360.0,1,2,2,122,Hibernating
13181,381,1,359.69,2,1,2,212,Hibernating
14926,382,2,359.4,2,2,2,222,Hibernating
12677,555,2,359.1,1,2,2,122,Hibernating
12499,560,1,357.72,1,1,2,112,Hibernating
16606,404,2,357.66,2,2,2,222,Hibernating
15595,488,1,357.59999999999997,1,1,2,112,Hibernating
17903,394,1,355.89,2,2,2,222,Hibernating
12996,376,1,355.5,2,1,2,212,Hibernating
14268,471,1,354.85,1,1,2,112,Hibernating
17437,530,1,354.38,1,2,2,122,Hibernating
12888,214,2,354.12,2,2,2,222,Hibernating
16323,196,2,353.66,2,2,2,222,Hibernating
18003,376,1,353.51,2,2,2,222,Hibernating
16382,408,2,353.1,2,2,2,222,Hibernating
16078,284,2,353.09000000000003,2,2,2,222,Hibernating
13765,653,1,352.821,1,1,2,112,Hibernating
16857,443,1,352.8,1,2,2,122,Hibernating
16192,736,1,351.3,1,1,2,112,Hibernating
12796,628,1,351.0,1,1,2,112,Hibernating
14252,381,1,350.99,2,1,2,212,Hibernating
13281,439,1,350.85,1,1,2,112,Hibernating
16476,432,1,350.35,1,1,2,112,Hibernating
13966,435,1,349.46,1,1,2,112,Hibernating
18250,310,1,349.27,2,2,2,222,Hibernating
14545,674,1,349.25,1,1,2,112,Hibernating
15282,570,1,348.59,1,1,2,112,Hibernating
16263,423,1,348.16,1,1,2,112,Hibernating
14919,539,1,347.55,1,1,2,112,Hibernating
15085,730,1,347.54,1,1,2,112,Hibernating
12411,410,1,346.9,1,1,2,112,Hibernating
13234,673,2,346.5,1,2,2,122,Hibernating
14633,266,1,344.90000000000003,2,1,2,212,Hibernating
18199,684,1,344.75,1,2,2,122,Hibernating
15519,383,2,344.61,2,2,2,222,Hibernating
17569,332,1,344.14,2,2,2,222,Hibernating
15047,270,1,343.62,2,1,2,212,Hibernating
13550,383,1,342.55,2,1,2,212,Hibernating
14989,662,1,342.4,1,1,2,112,Hibernating
14724,590,1,341.9,1,1,2,112,Hibernating
16585,594,2,341.59000000000003,1,2,2,122,Hibernating
16044,435,1,340.84000000000003,1,1,2,112,Hibernating
17748,527,1,340.75,1,2,2,122,Hibernating
15818,588,1,340.5,1,1,2,112,Hibernating
12900,422,1,340.33000000000004,1,1,2,112,Hibernating
13737,200,1,339.6,2,1,2,212,Hibernating
13887,204,1,339.59000000000003,2,1,2,212,Hibernating
13345,288,1,339.5,2,1,2,212,Hibernating
14203,397,1,339.34,2,1,2,212,Hibernating
17833,723,1,338.46000000000004,1,2,2,122,Hibernating
14981,246,2,338.12,2,2,2,222,Hibernating
12869,682,1,337.66999999999996,1,1,2,112,Hibernating
17488,641,1,336.5,1,2,2,122,Hibernating
13482,232,2,336.09,2,2,2,222,Hibernating
16063,260,1,335.32,2,1,2,212,Hibernating
12690,206,1,335.01,2,1,2,212,Hibernating
17821,406,1,334.62,2,2,2,222,Hibernating
17607,376,1,333.81,2,2,2,222,Hibernating
13216,268,1,333.74,2,1,2,212,Hibernating
16006,211,2,332.82,2,2,2,222,Hibernating
14137,696,1,332.7,1,1,2,112,Hibernating
16850,334,1,332.41,2,2,2,222,Hibernating
16452,631,2,332.17,1,2,2,122,Hibernating
13062,191,1,331.98,2,1,2,212,Hibernating
16274,373,1,331.55,2,1,2,212,Hibernating
16030,310,1,331.24,2,1,2,212,Hibernating
13981,416,1,331.14,1,1,2,112,Hibernating
15878,562,2,330.77,1,2,2,122,Hibernating
13010,374,2,330.12,2,2,2,222,Hibernating
12850,446,1,330.0,1,1,2,112,Hibernating
18186,723,1,329.58000000000004,1,2,2,122,Hibernating
15979,603,1,329.21999999999997,1,1,2,112,Hibernating
15880,369,1,329.03,2,1,2,212,Hibernating
16286,477,2,328.95,1,2,2,122,Hibernating
14012,278,1,328.8,2,1,2,212,Hibernating
15213,319,2,328.35,2,2,2,222,Hibernating
14747,249,1,328.2,2,1,2,212,Hibernating
15709,284,2,327.85,2,2,2,222,Hibernating
17196,428,1,327.75,1,2,2,122,Hibernating
15735,421,1,327.68,1,1,2,112,Hibernating
17439,656,1,325.74,1,2,2,122,Hibernating
13661,603,1,325.24,1,1,2,112,Hibernating
15982,605,1,324.51,1,1,2,112,Hibernating
12946,437,1,324.45,1,1,2,112,Hibernating
13834,577,2,324.19,1,2,2,122,Hibernating
13025,732,1,323.39,1,1,2,112,Hibernating
14630,484,1,323.35,1,1,2,112,Hibernating
16195,723,1,323.25,1,1,2,112,Hibernating
12780,599,1,322.4,1,1,2,112,Hibernating
15726,390,1,321.91,2,1,2,212,Hibernating
18090,422,1,321.9,1,2,2,122,Hibernating
13111,719,1,321.88000000000005,1,1,2,112,Hibernating
17976,372,1,321.79,2,2,2,222,Hibernating
17471,475,1,321.65000000000003,1,2,2,122,Hibernating
15770,613,1,321.45,1,1,2,112,Hibernating
15236,299,1,321.05,2,1,2,212,Hibernating
12365,291,1,320.69,2,1,2,212,Hibernating
13646,400,2,320.3,2,2,2,222,Hibernating
16683,534,1,320.25,1,2,2,122,Hibernating
13942,535,1,320.0,1,1,2,112,Hibernating
13843,381,1,319.75,2,1,2,212,Hibernating
12804,466,2,319.57,1,2,2,122,Hibernating
16967,189,1,319.02,2,2,2,222,Hibernating
16273,648,2,318.34000000000003,1,2,2,122,Hibernating
15682,599,2,318.24,1,2,2,122,Hibernating
18253,643,1,317.88,1,2,2,122,Hibernating
12760,456,1,317.8,1,1,2,112,Hibernating
14070,685,1,317.8,1,1,2,112,Hibernating
15616,438,1,317.11,1,1,2,112,Hibernating
15204,357,1,316.58,2,1,2,212,Hibernating
13494,312,1,316.26000000000005,2,1,2,212,Hibernating
12614,278,1,315.6,2,1,2,212,Hibernating
15042,199,2,315.45,2,2,2,222,Hibernating
17121,403,1,314.74,2,2,2,222,Hibernating
18206,553,1,314.65999999999997,1,2,2,122,Hibernating
13498,730,1,314.63,1,1,2,112,Hibernating
18070,669,1,314.1,1,2,2,122,Hibernating
15196,433,2,313.7,1,2,2,122,Hibernating
13905,733,1,312.65,1,1,2,112,Hibernating
12834,283,1,312.38,2,1,2,212,Hibernating
14094,440,1,311.77,1,1,2,112,Hibernating
16328,563,1,310.83,1,1,2,112,Hibernating
13847,720,1,310.72,1,1,2,112,Hibernating
15308,274,1,310.47,2,1,2,212,Hibernating
15188,725,1,310.43,1,1,2,112,Hibernating
13315,689,1,310.26000000000005,1,1,2,112,Hibernating
14749,480,1,310.15,1,1,2,112,Hibernating
13628,676,1,310.14,1,1,2,112,Hibernating
14991,430,1,310.02,1,1,2,112,Hibernating
15670,297,2,309.90000000000003,2,2,2,222,Hibernating
16373,382,2,309.49,2,2,2,222,Hibernating
16194,375,1,308.6,2,1,2,212,Hibernating
14181,411,2,308.35,1,2,2,122,Hibernating
14927,397,1,308.2,2,1,2,212,Hibernating
15302,730,1,308.0,1,1,2,112,Hibernating
15778,431,1,307.95000000000005,1,1,2,112,Hibernating
13289,724,1,307.95,1,1,2,112,Hibernating
14263,423,1,307.93,1,1,2,112,Hibernating
14777,404,1,307.56,2,1,2,212,Hibernating
17120,233,1,307.46,2,2,2,222,Hibernating
13932,295,1,307.4,2,1,2,212,Hibernating
17721,659,1,307.21000000000004,1,2,2,122,Hibernating
13036,685,1,307.1,1,1,2,112,Hibernating
15087,282,1,306.94,2,1,2,212,Hibernating
13660,400,1,306.64,2,1,2,212,Hibernating
16649,520,1,306.58,1,1,2,112,Hibernating
13718,246,2,306.55,2,2,2,222,Hibernating
16524,446,2,306.19,1,2,2,122,Hibernating
17077,578,1,306.0,1,2,2,122,Hibernating
15135,239,2,305.68,2,2,2,222,Hibernating
13383,544,1,305.28000000000003,1,1,2,112,Hibernating
15893,482,1,305.28000000000003,1,1,2,112,Hibernating
16920,411,1,304.45,1,2,2,122,Hibernating
16217,235,2,304.25,2,2,2,222,Hibernating
18185,249,1,304.25,2,2,2,222,Hibernating
17688,394,1,304.2,2,2,2,222,Hibernating
14990,612,2,304.17,1,2,2,122,Hibernating
15454,362,2,303.89,2,2,2,222,Hibernating
16489,380,2,303.7,2,2,2,222,Hibernating
16425,302,1,302.7,2,1,2,212,Hibernating
15242,422,1,302.04,1,1,2,112,Hibernating
16297,269,1,301.9,2,1,2,212,Hibernating
13773,397,2,301.54,2,2,2,222,Hibernating
13625,597,1,301.26,1,1,2,112,Hibernating
16437,381,2,301.25,2,2,2,222,Hibernating
12529,528,1,301.18,1,1,2,112,Hibernating
14797,507,1,300.31,1,1,2,112,Hibernating
17697,236,1,299.35,2,2,2,222,Hibernating
12489,336,1,298.93,2,1,2,212,Hibernating
12881,276,1,298.0,2,1,2,212,Hibernating
16583,374,2,297.95,2,2,2,222,Hibernating
14835,529,2,297.0,1,2,2,122,Hibernating
12460,456,1,296.65,1,1,2,112,Hibernating
17627,479,1,296.36,1,2,2,122,Hibernating
13751,288,1,296.25,2,1,2,212,Hibernating
17435,411,1,296.25,1,2,2,122,Hibernating
12898,464,2,296.21,1,2,2,122,Hibernating
13400,583,1,295.83,1,1,2,112,Hibernating
14269,439,1,295.73,1,1,2,112,Hibernating
14614,386,1,295.13,2,1,2,212,Hibernating
13226,273,2,295.06,2,2,2,222,Hibernating
16579,426,1,295.05,1,1,2,112,Hibernating
12350,310,1,294.40000000000003,2,1,2,212,Hibernating
17927,722,1,294.0,1,2,2,122,Hibernating
14192,388,1,293.74,2,1,2,212,Hibernating
15928,656,1,293.53,1,1,2,112,Hibernating
17710,424,1,293.5,1,2,2,122,Hibernating
17441,732,1,293.35,1,2,2,122,Hibernating
15162,731,1,293.1,1,1,2,112,Hibernating
13990,213,1,292.58,2,1,2,212,Hibernating
16721,262,1,292.47,2,2,2,222,Hibernating
16543,592,1,292.21,1,1,2,112,Hibernating
17907,641,1,291.76,1,2,2,122,Hibernating
16615,626,1,291.5,1,1,2,112,Hibernating
18182,463,1,291.13,1,2,2,122,Hibernating
14043,491,2,291.0,1,2,2,122,Hibernating
17551,359,1,290.34,2,2,2,222,Hibernating
13060,254,1,290.13,2,1,2,212,Hibernating
15391,584,1,289.87,1,1,2,112,Hibernating
13796,499,1,289.7,1,1,2,112,Hibernating
15962,449,1,289.48,1,1,2,112,Hibernating
17057,596,1,288.79,1,2,2,122,Hibernating
14791,607,1,288.63,1,1,2,112,Hibernating
17296,730,1,287.13,1,2,2,122,Hibernating
13508,244,2,287.05,2,2,2,222,Hibernating
14985,198,2,286.91,2,2,2,222,Hibernating
14848,405,1,285.36,2,1,2,212,Hibernating
12487,731,1,285.3,1,1,2,112,Hibernating
15445,264,2,284.5,2,2,2,222,Hibernating
13616,568,2,283.85,1,2,2,122,Hibernating
13121,269,1,283.73,2,1,2,212,Hibernating
15662,661,2,283.73,1,2,2,122,Hibernating
13909,423,2,282.85,1,2,2,122,Hibernating
15936,379,2,282.79,2,2,2,222,Hibernating
13511,677,1,282.76,1,1,2,112,Hibernating
13326,432,1,281.76,1,1,2,112,Hibernating
12595,505,1,281.02,1,1,2,112,Hibernating
16402,265,2,280.7,2,2,2,222,Hibernating
14242,235,2,280.55,2,2,1,221,Hibernating
13581,309,2,280.53000000000003,2,2,1,221,Hibernating
17207,652,1,280.52,1,2,1,121,Hibernating
16439,722,1,280.1,1,1,1,111,Hibernating
12515,353,1,278.7,2,1,1,211,Hibernating
14183,411,2,278.34000000000003,1,2,1,121,Hibernating
14303,407,2,277.94,2,2,1,221,Hibernating
13708,271,1,277.53,2,1,1,211,Hibernating
12495,641,1,277.4,1,1,1,111,Hibernating
14783,659,1,277.3,1,1,1,111,Hibernating
12852,295,1,276.75,2,1,1,211,Hibernating
14433,466,1,274.9,1,1,1,111,Hibernating
15338,677,1,274.13,1,1,1,111,Hibernating
13087,726,1,273.84000000000003,1,1,1,111,Hibernating
17072,625,1,273.35,1,2,1,121,Hibernating
17355,386,1,273.31,2,2,1,221,Hibernating
13861,429,2,273.26,1,2,1,121,Hibernating
14816,197,1,271.85,2,1,1,211,Hibernating
15943,650,2,271.28999999999996,1,2,1,121,Hibernating
18238,515,1,270.92,1,2,1,121,Hibernating
14402,652,1,270.6,1,1,1,111,Hibernating
16757,319,2,270.48,2,2,1,221,Hibernating
12351,375,1,270.33,2,1,1,211,Hibernating
18267,673,1,269.37,1,2,1,121,Hibernating
15964,663,1,269.21000000000004,1,1,1,111,Hibernating
17264,424,1,268.28,1,2,1,121,Hibernating
12751,445,1,268.27,1,1,1,111,Hibernating
18254,581,1,267.9,1,2,1,121,Hibernating
15408,264,1,267.18,2,1,1,211,Hibernating
15517,233,1,267.03,2,1,1,211,Hibernating
13837,212,2,266.59000000000003,2,2,1,221,Hibernating
14392,432,1,266.4,1,1,1,111,Hibernating
15119,246,1,266.4,2,1,1,211,Hibernating
12698,590,1,265.95,1,1,1,111,Hibernating
16436,668,2,265.59,1,2,1,121,Hibernating
16252,383,1,264.79,2,1,1,211,Hibernating
13973,287,1,264.7,2,1,1,211,Hibernating
15718,540,1,263.79,1,1,1,111,Hibernating
13128,631,1,263.5,1,1,1,111,Hibernating
16089,386,2,263.49,2,2,1,221,Hibernating
15772,418,1,263.48,1,1,1,111,Hibernating
12892,397,1,263.38,2,1,1,211,Hibernating
13331,402,1,262.4,2,1,1,211,Hibernating
16733,530,1,259.68,1,2,1,121,Hibernating
17558,393,1,259.17,2,2,1,221,Hibernating
15536,409,1,259.09,1,1,1,111,Hibernating
13683,458,1,258.6,1,1,1,111,Hibernating
16502,620,2,258.55,1,2,1,121,Hibernating
13369,366,1,258.28000000000003,2,1,1,211,Hibernating
13227,202,1,257.7,2,1,1,211,Hibernating
15894,253,2,257.6,2,2,1,221,Hibernating
14483,282,2,257.1,2,2,1,221,Hibernating
15404,376,1,257.06,2,1,1,211,Hibernating
14876,521,2,256.7,1,2,1,121,Hibernating
14274,686,1,256.6,1,1,1,111,Hibernating
15503,363,2,256.05,2,2,1,221,Hibernating
13825,622,2,255.59,1,2,1,121,Hibernating
12746,541,1,254.55,1,1,1,111,Hibernating
17910,726,1,254.2,1,2,1,121,Hibernating
17626,603,1,254.0,1,2,1,121,Hibernating
16845,618,1,253.88,1,2,1,121,Hibernating
17992,389,1,252.88,2,2,1,221,Hibernating
15552,217,2,252.52,2,2,1,221,Hibernating
16074,390,1,252.5,2,1,1,211,Hibernating
16334,492,1,252.13,1,1,1,111,Hibernating
16453,531,2,251.71,1,2,1,121,Hibernating
16976,267,1,251.51999999999998,2,2,1,221,Hibernating
14166,505,2,251.15,1,2,1,121,Hibernating
18266,434,1,251.1,1,2,1,121,Hibernating
16962,410,1,251.04,1,2,1,121,Hibernating
15019,267,1,250.47,2,1,1,211,Hibernating
12807,383,1,250.35,2,1,1,211,Hibernating
15231,621,1,250.26000000000002,1,1,1,111,Hibernating
17303,361,1,250.04,2,2,1,221,Hibernating
15510,331,1,250.0,2,1,1,211,Hibernating
14526,389,1,248.45,2,1,1,211,Hibernating
16381,396,2,247.85,2,2,1,221,Hibernating
14654,738,1,246.86,1,1,1,111,Hibernating
15697,690,1,246.75,1,1,1,111,Hibernating
13943,578,1,246.54000000000002,1,1,1,111,Hibernating
15378,463,2,246.5,1,2,1,121,Hibernating
15495,379,1,246.5,2,1,1,211,Hibernating
14957,253,2,246.39000000000001,2,2,1,221,Hibernating
18153,659,1,246.22,1,2,1,121,Hibernating
14325,570,1,245.48000000000002,1,1,1,111,Hibernating
14281,408,1,245.15,2,1,1,211,Hibernating
15884,432,2,244.60000000000002,1,2,1,121,Hibernating
14694,617,1,244.31,1,1,1,111,Hibernating
13551,319,2,244.2,2,2,1,221,Hibernating
17925,373,1,244.08,2,2,1,221,Hibernating
13676,539,2,243.9,1,2,1,121,Hibernating
15543,288,2,242.26,2,2,1,221,Hibernating
17009,551,1,242.06,1,2,1,121,Hibernating
13445,626,1,241.89999999999998,1,1,1,111,Hibernating
13582,390,2,241.68,2,2,1,221,Hibernating
14774,529,1,241.45000000000002,1,1,1,111,Hibernating
16427,263,2,241.06,2,2,1,221,Hibernating
16508,630,1,240.95,1,1,1,111,Hibernating
13674,433,1,240.68,1,1,1,111,Hibernating
15336,402,1,240.5,2,1,1,211,Hibernating
13570,243,1,239.49,2,1,1,211,Hibernating
13789,388,1,239.46,2,1,1,211,Hibernating
17981,411,1,239.12,1,2,1,121,Hibernating
13275,384,2,238.86,2,2,1,221,Hibernating
12561,303,1,238.85,2,1,1,211,Hibernating
14586,277,1,237.35999999999999,2,1,1,211,Hibernating
15457,262,1,237.07,2,1,1,211,Hibernating
13088,417,1,236.11,1,1,1,111,Hibernating
12741,533,1,236.07,1,1,1,111,Hibernating
17093,593,1,235.88,1,2,1,121,Hibernating
17872,382,1,235.87,2,2,1,221,Hibernating
16046,562,1,235.78,1,1,1,111,Hibernating
13251,402,1,235.28,2,1,1,211,Hibernating
14982,572,1,234.88,1,1,1,111,Hibernating
12392,591,1,234.75000000000003,1,1,1,111,Hibernating
17060,266,1,234.24,2,2,1,221,Hibernating
13009,673,1,234.0,1,1,1,111,Hibernating
14153,483,1,233.39999999999998,1,1,1,111,Hibernating
15294,411,1,233.35,1,1,1,111,Hibernating
13129,452,2,233.25,1,2,1,121,Hibernating
17055,446,1,232.85000000000002,1,2,1,121,Hibernating
13608,541,1,232.05,1,1,1,111,Hibernating
16408,591,1,231.93,1,1,1,111,Hibernating
17151,735,1,231.90000000000003,1,2,1,121,Hibernating
17136,662,1,231.68,1,2,1,121,Hibernating
18279,519,1,231.34,1,2,1,121,Hibernating
18197,576,1,230.1,1,2,1,121,Hibernating
17210,393,1,229.92,2,2,1,221,Hibernating
13250,461,2,229.89,1,2,1,121,Hibernating
14017,571,1,229.75,1,1,1,111,Hibernating
15528,254,1,229.33,2,1,1,211,Hibernating
17743,448,1,229.2,1,2,1,121,Hibernating
15273,600,1,228.96,1,1,1,111,Hibernating
17066,726,1,228.34,1,2,1,121,Hibernating
15566,393,2,227.87,2,2,1,221,Hibernating
15293,666,1,227.7,1,1,1,111,Hibernating
14363,402,2,227.47000000000003,2,2,1,221,Hibernating
17868,386,1,227.15,2,2,1,221,Hibernating
16740,395,1,226.91,2,2,1,221,Hibernating
12771,486,1,226.29999999999998,1,1,1,111,Hibernating
12655,424,1,225.95000000000002,1,1,1,111,Hibernating
14069,515,2,225.81,1,2,1,121,Hibernating
17915,551,1,225.78,1,2,1,121,Hibernating
16622,544,1,225.4,1,1,1,111,Hibernating
16587,232,1,225.15,2,1,1,211,Hibernating
16908,722,1,224.69,1,2,1,121,Hibernating
16346,385,1,224.51,2,1,1,211,Hibernating
12914,401,1,223.98,2,1,1,211,Hibernating
17993,617,1,223.49,1,2,1,121,Hibernating
13619,545,2,223.44,1,2,1,121,Hibernating
16280,725,1,223.05,1,1,1,111,Hibernating
18131,632,1,222.95999999999998,1,2,1,121,Hibernating
12887,384,1,222.4,2,1,1,211,Hibernating
14596,627,1,222.22,1,1,1,111,Hibernating
15788,509,1,221.83,1,1,1,111,Hibernating
15451,434,2,221.76,1,2,1,121,Hibernating
14445,456,1,221.65,1,1,1,111,Hibernating
13114,731,1,221.63,1,1,1,111,Hibernating
17261,510,1,221.59,1,2,1,121,Hibernating
17087,738,1,221.53,1,2,1,121,Hibernating
12563,409,1,221.24,1,1,1,111,Hibernating
12821,214,2,220.8,2,2,1,221,Hibernating
13033,357,2,220.55,2,2,1,221,Hibernating
18132,504,1,220.13,1,2,1,121,Hibernating
13454,641,1,219.87,1,1,1,111,Hibernating
14074,623,1,219.4,1,1,1,111,Hibernating
12799,529,1,219.35,1,1,1,111,Hibernating
14458,381,1,219.26999999999998,2,1,1,211,Hibernating
15086,565,2,218.53,1,2,1,121,Hibernating
16035,560,1,217.73,1,1,1,111,Hibernating
15554,278,1,217.2,2,1,1,211,Hibernating
13423,429,1,217.03,1,1,1,111,Hibernating
15401,452,2,216.95,1,2,1,121,Hibernating
17902,547,1,216.4,1,2,1,121,Hibernating
14376,683,1,215.46,1,1,1,111,Hibernating
14635,454,1,215.22,1,1,1,111,Hibernating
18007,393,1,215.22,2,2,1,221,Hibernating
18213,237,1,215.08,2,2,1,221,Hibernating
14106,737,1,214.8,1,1,1,111,Hibernating
14361,579,1,214.71,1,1,1,111,Hibernating
14271,226,2,214.18,2,2,1,221,Hibernating
18114,290,1,214.15,2,2,1,221,Hibernating
18157,571,1,213.9,1,2,1,121,Hibernating
13724,637,1,213.01,1,1,1,111,Hibernating
16760,430,1,212.70000000000002,1,2,1,121,Hibernating
12961,379,1,211.99,2,1,1,211,Hibernating
12470,690,1,211.95,1,1,1,111,Hibernating
14843,437,1,211.8,1,1,1,111,Hibernating
15703,265,1,211.5,2,1,1,211,Hibernating
14718,410,1,211.12,1,1,1,111,Hibernating
15490,430,1,210.85,1,1,1,111,Hibernating
13691,396,1,210.78,2,1,1,211,Hibernating
14992,442,1,210.5,1,1,1,111,Hibernating
16874,379,1,209.89000000000001,2,2,1,221,Hibernating
13056,551,1,209.48,1,1,1,111,Hibernating
14003,733,1,209.41,1,1,1,111,Hibernating
15112,611,1,209.4,1,1,1,111,Hibernating
15931,428,1,209.3,1,1,1,111,Hibernating
17855,373,1,208.97,2,2,1,221,Hibernating
14928,628,1,208.91000000000003,1,1,1,111,Hibernating
15741,458,2,208.62,1,2,1,121,Hibernating
15897,194,2,208.59,2,2,1,221,Hibernating
16457,218,1,208.36,2,1,1,211,Hibernating
15052,319,1,207.73000000000002,2,1,1,211,Hibernating
16752,373,1,207.5,2,2,1,221,Hibernating
17989,379,1,207.33,2,2,1,221,Hibernating
15925,194,1,207.15,2,1,1,211,Hibernating
15295,654,1,207.04,1,1,1,111,Hibernating
15820,320,1,206.98,2,1,1,211,Hibernating
14964,247,1,206.21,2,1,1,211,Hibernating
12848,676,1,206.1,1,1,1,111,Hibernating
15914,378,2,205.99,2,2,1,221,Hibernating
14278,410,1,205.83,1,1,1,111,Hibernating
16540,414,1,205.75,1,1,1,111,Hibernating
17670,228,1,205.7,2,2,1,221,Hibernating
16490,436,1,205.41000000000003,1,1,1,111,Hibernating
14602,656,1,205.35999999999999,1,1,1,111,Hibernating
12400,414,1,205.25,1,1,1,111,Hibernating
15319,284,1,204.5,2,1,1,211,Hibernating
17271,736,1,204.3,1,2,1,121,Hibernating
16901,729,1,204.26,1,2,1,121,Hibernating
14468,734,1,204.24,1,1,1,111,Hibernating
17394,219,1,203.86999999999998,2,2,1,221,Hibernating
14519,684,2,203.14,1,2,1,121,Hibernating
17074,563,1,203.05,1,2,1,121,Hibernating
15460,354,1,203.01,2,1,1,211,Hibernating
15459,417,2,202.83,1,2,1,121,Hibernating
15558,639,1,202.68,1,1,1,111,Hibernating
12416,657,1,202.56,1,1,1,111,Hibernating
14892,691,1,202.35000000000002,1,1,1,111,Hibernating
16487,577,2,201.9,1,2,1,121,Hibernating
13284,331,1,201.19,2,1,1,211,Hibernating
13556,429,2,200.82,1,2,1,121,Hibernating
14330,624,1,200.63,1,1,1,111,Hibernating
13944,653,1,200.43,1,1,1,111,Hibernating
14782,320,1,200.10000000000002,2,1,1,211,Hibernating
14521,491,1,199.45000000000002,1,1,1,111,Hibernating
17619,312,1,199.07,2,2,1,221,Hibernating
15020,379,1,198.47,2,1,1,211,Hibernating
17778,662,1,197.70000000000002,1,2,1,121,Hibernating
14185,331,1,197.65,2,1,1,211,Hibernating
17112,503,1,197.57,1,2,1,121,Hibernating
12927,395,1,197.31,2,1,1,211,Hibernating
15001,394,2,197.10999999999999,2,2,1,221,Hibernating
15234,277,1,197.0,2,1,1,211,Hibernating
16937,499,1,196.25,1,2,1,121,Hibernating
13757,675,1,195.55,1,1,1,111,Hibernating
14405,387,1,195.0,2,1,1,211,Hibernating
16299,477,1,193.65,1,1,1,111,Hibernating
14476,257,1,193.0,2,1,1,211,Hibernating
16965,227,1,192.07,2,2,1,221,Hibernating
18028,583,1,192.05,1,2,1,121,Hibernating
14279,521,2,191.86,1,2,1,121,Hibernating
15688,419,1,190.57,1,1,1,111,Hibernating
14617,403,2,190.47,2,2,1,221,Hibernating
13766,495,1,190.35,1,1,1,111,Hibernating
18046,650,1,189.63,1,2,1,121,Hibernating
16277,734,1,188.69,1,1,1,111,Hibernating
14697,218,2,188.61,2,2,1,221,Hibernating
17283,379,1,188.46,2,2,1,221,Hibernating
16051,682,1,188.44,1,1,1,111,Hibernating
13063,481,1,188.4,1,1,1,111,Hibernating
15954,589,1,187.8,1,1,1,111,Hibernating
15072,479,1,187.52,1,1,1,111,Hibernating
13852,611,1,187.35000000000002,1,1,1,111,Hibernating
16267,591,1,186.66,1,1,1,111,Hibernating
15487,680,1,186.32,1,1,1,111,Hibernating
17215,464,1,186.15,1,2,1,121,Hibernating
16388,654,1,186.05,1,1,1,111,Hibernating
17574,243,1,185.65,2,2,1,221,Hibernating
12663,625,2,185.4,1,2,1,121,Hibernating
14879,685,1,185.06,1,1,1,111,Hibernating
16097,240,1,185.04999999999998,2,1,1,211,Hibernating
14677,593,1,184.91,1,1,1,111,Hibernating
17803,392,1,184.66,2,2,1,221,Hibernating
14059,267,1,183.6,2,1,1,211,Hibernating
14119,376,2,183.37,2,2,1,221,Hibernating
14983,689,1,183.20000000000002,1,1,1,111,Hibernating
12574,316,1,182.45000000000002,2,1,1,211,Hibernating
14941,579,1,182.1,1,1,1,111,Hibernating
12934,737,1,181.65,1,1,1,111,Hibernating
16822,686,1,181.39,1,2,1,121,Hibernating
14858,506,1,180.75,1,1,1,111,Hibernating
18119,368,1,180.7,2,2,1,221,Hibernating
17820,374,1,180.60999999999999,2,2,1,221,Hibernating
16090,624,1,180.56,1,1,1,111,Hibernating
14945,414,1,179.4,1,1,1,111,Hibernating
16640,398,1,179.4,2,1,1,211,Hibernating
14705,199,1,179.0,2,1,1,211,Hibernating
14728,413,1,178.98000000000002,1,1,1,111,Hibernating
15209,730,1,178.98000000000002,1,1,1,111,Hibernating
15139,240,2,178.96,2,2,1,221,Hibernating
14812,599,1,178.85,1,1,1,111,Hibernating
16691,418,2,178.83,1,2,1,121,Hibernating
15292,201,1,178.39,2,1,1,211,Hibernating
16562,477,1,177.96,1,1,1,111,Hibernating
15212,241,2,177.68,2,2,1,221,Hibernating
13072,267,1,177.15,2,1,1,211,Hibernating
16285,646,1,176.9,1,1,1,111,Hibernating
17036,383,1,176.9,2,2,1,221,Hibernating
13746,414,1,176.69,1,1,1,111,Hibernating
16695,562,2,176.6,1,2,1,121,Hibernating
18054,393,1,176.5,2,2,1,221,Hibernating
18175,676,1,176.10000000000002,1,2,1,121,Hibernating
17840,444,1,175.9,1,2,1,121,Hibernating
14486,512,2,175.5,1,2,1,121,Hibernating
18166,624,1,175.5,1,2,1,121,Hibernating
13007,580,1,175.25,1,1,1,111,Hibernating
16144,247,1,175.2,2,1,1,211,Hibernating
16559,397,1,175.0,2,1,1,211,Hibernating
17108,664,1,174.95,1,2,1,121,Hibernating
18010,257,1,174.8,2,2,1,221,Hibernating
17587,628,1,173.76,1,2,1,121,Hibernating
14674,509,1,173.66,1,1,1,111,Hibernating
16741,625,1,173.06,1,2,1,121,Hibernating
16599,386,1,172.8,2,1,1,211,Hibernating
13671,395,1,172.6,2,1,1,211,Hibernating
17798,582,1,172.17,1,2,1,121,Hibernating
15515,387,1,171.81,2,1,1,211,Hibernating
17983,395,1,171.71,2,2,1,221,Hibernating
17575,667,1,171.7,1,2,1,121,Hibernating
16312,432,1,171.15,1,1,1,111,Hibernating
16673,679,1,171.13,1,2,1,121,Hibernating
14536,260,1,170.95,2,1,1,211,Hibernating
15403,492,2,170.88,1,2,1,121,Hibernating
17922,543,1,170.4,1,2,1,121,Hibernating
13387,417,1,170.24,1,1,1,111,Hibernating
13747,374,2,169.8,2,2,1,221,Hibernating
18234,552,1,169.7,1,2,1,121,Hibernating
16002,625,1,169.21,1,1,1,111,Hibernating
12768,451,1,168.69,1,1,1,111,Hibernating
18269,366,1,168.60000000000002,2,2,1,221,Hibernating
14131,649,1,168.22,1,1,1,111,Hibernating
12551,358,1,168.0,2,1,1,211,Hibernating
17559,513,1,167.62,1,2,1,121,Hibernating
17586,619,1,167.4,1,2,1,121,Hibernating
13609,593,1,167.35,1,1,1,111,Hibernating
16405,302,2,167.25,2,2,1,221,Hibernating
15166,468,1,167.16,1,1,1,111,Hibernating
17875,688,1,167.1,1,2,1,121,Hibernating
16731,648,1,166.55,1,2,1,121,Hibernating
18107,442,1,165.88,1,2,1,121,Hibernating
15316,327,1,165.0,2,1,1,211,Hibernating
16663,729,1,165.0,1,2,1,121,Hibernating
13547,408,1,164.53,2,1,1,211,Hibernating
17417,549,1,164.18,1,2,1,121,Hibernating
14955,733,1,163.77,1,1,1,111,Hibernating
16517,277,1,162.70000000000002,2,1,1,211,Hibernating
12954,639,1,162.45,1,1,1,111,Hibernating
15733,283,1,162.3,2,1,1,211,Hibernating
15534,726,1,162.25,1,1,1,111,Hibernating
16443,521,1,162.24,1,1,1,111,Hibernating
12622,232,1,162.1,2,1,1,211,Hibernating
12661,436,1,162.0,1,1,1,111,Hibernating
13779,516,1,161.13,1,1,1,111,Hibernating
13229,226,1,160.95,2,1,1,211,Hibernating
17605,590,1,160.75,1,2,1,121,Hibernating
17202,421,1,160.65,1,2,1,121,Hibernating
17487,728,1,160.55,1,2,1,121,Hibernating
15229,586,1,160.5,1,1,1,111,Hibernating
16645,736,1,160.39,1,1,1,111,Hibernating
16403,312,1,160.1,2,1,1,211,Hibernating
14571,425,1,160.0,1,1,1,111,Hibernating
18224,264,1,158.95000000000002,2,2,1,221,Hibernating
14811,387,1,158.9,2,1,1,211,Hibernating
15499,724,1,158.65,1,1,1,111,Hibernating
12509,284,1,158.5,2,1,1,211,Hibernating
15548,596,1,158.09,1,1,1,111,Hibernating
18004,362,1,157.92,2,2,1,221,Hibernating
17751,421,1,157.85999999999999,1,2,1,121,Hibernating
14207,688,1,157.8,1,1,1,111,Hibernating
14822,485,1,157.7,1,1,1,111,Hibernating
16687,391,1,157.63,2,2,1,221,Hibernating
12894,575,1,157.35,1,1,1,111,Hibernating
16371,449,1,157.2,1,1,1,111,Hibernating
17128,335,1,157.09,2,2,1,221,Hibernating
17118,318,1,157.02,2,2,1,221,Hibernating
15742,619,1,156.87,1,1,1,111,Hibernating
13830,582,1,156.85000000000002,1,1,1,111,Hibernating
16578,626,1,156.6,1,1,1,111,Hibernating
13051,579,2,155.8,1,2,1,121,Hibernating
12441,367,1,155.55,2,1,1,211,Hibernating
13714,465,1,155.55,1,1,1,111,Hibernating
13191,658,1,155.46,1,1,1,111,Hibernating
14368,320,1,155.0,2,1,1,211,Hibernating
17698,261,1,154.95,2,2,1,221,Hibernating
15226,311,1,154.41,2,1,1,211,Hibernating
13490,654,1,154.25,1,1,1,111,Hibernating
17517,309,1,153.94,2,2,1,221,Hibernating
15647,415,1,153.7,1,1,1,111,Hibernating
15560,398,2,153.52,2,2,1,221,Hibernating
15431,503,1,153.24,1,1,1,111,Hibernating
14814,581,1,152.96,1,1,1,111,Hibernating
18138,295,1,152.65,2,2,1,221,Hibernating
17318,725,1,152.57999999999998,1,2,1,121,Hibernating
13653,488,1,152.2,1,1,1,111,Hibernating
16617,236,1,151.85,2,1,1,211,Hibernating
17367,238,1,151.75,2,2,1,221,Hibernating
14046,284,1,151.59,2,1,1,211,Hibernating
18076,380,1,151.49,2,2,1,221,Hibernating
14516,516,1,151.17,1,1,1,111,Hibernating
16662,394,1,151.05,2,2,1,221,Hibernating
12959,484,1,150.95,1,1,1,111,Hibernating
14980,737,1,150.68,1,1,1,111,Hibernating
15991,534,1,150.55,1,1,1,111,Hibernating
15509,380,1,150.51,2,1,1,211,Hibernating
14084,512,1,150.5,1,1,1,111,Hibernating
15775,245,2,150.5,2,2,1,221,Hibernating
15474,596,1,150.35,1,1,1,111,Hibernating
14845,600,1,150.0,1,1,1,111,Hibernating
17535,280,1,149.4,2,2,1,221,Hibernating
17390,421,1,149.3,1,2,1,121,Hibernating
13125,524,1,148.62,1,1,1,111,Hibernating
17592,739,1,148.3,1,2,1,121,Hibernating
13457,689,2,148.22,1,2,1,121,Hibernating
13578,409,1,147.66,1,1,1,111,Hibernating
15479,733,1,147.4,1,1,1,111,Hibernating
16724,405,1,147.35,2,2,1,221,Hibernating
12858,383,1,147.27,2,1,1,211,Hibernating
14683,588,1,146.56,1,1,1,111,Hibernating
15496,631,1,146.14,1,1,1,111,Hibernating
12565,289,1,145.92000000000002,2,1,1,211,Hibernating
13903,400,1,145.65,2,1,1,211,Hibernating
15902,380,1,145.01,2,1,1,211,Hibernating
17938,420,1,144.29,1,2,1,121,Hibernating
15816,542,2,144.15,1,2,1,121,Hibernating
12736,333,1,144.0,2,1,1,211,Hibernating
12387,415,1,143.94,1,1,1,111,Hibernating
14574,733,1,143.70000000000002,1,1,1,111,Hibernating
13701,447,1,143.60000000000002,1,1,1,111,Hibernating
17149,451,1,143.10000000000002,1,2,1,121,Hibernating
15705,201,1,143.1,2,1,1,211,Hibernating
15761,443,1,143.05,1,1,1,111,Hibernating
16507,572,1,142.71,1,1,1,111,Hibernating
14386,297,1,142.4,2,1,1,211,Hibernating
17859,305,1,141.92,2,2,1,221,Hibernating
18038,556,1,141.48,1,2,1,121,Hibernating
14041,266,1,141.41,2,1,1,211,Hibernating
17273,424,1,141.12,1,2,1,121,Hibernating
17959,592,1,140.75,1,2,1,121,Hibernating
14318,460,1,140.62,1,1,1,111,Hibernating
14773,593,1,140.55,1,1,1,111,Hibernating
15388,270,1,140.54,2,1,1,211,Hibernating
15324,701,1,140.22000000000003,1,1,1,111,Hibernating
13839,486,1,139.95000000000002,1,1,1,111,Hibernating
16483,192,1,139.35,2,1,1,211,Hibernating
14707,436,2,139.2,1,2,1,121,Hibernating
12902,265,1,138.68,2,1,1,211,Hibernating
17982,681,1,138.18,1,2,1,121,Hibernating
15848,622,1,137.99,1,1,1,111,Hibernating
16396,476,1,137.8,1,1,1,111,Hibernating
12738,372,1,137.35,2,1,1,211,Hibernating
13907,692,1,136.8,1,1,1,111,Hibernating
13195,414,1,136.73,1,1,1,111,Hibernating
16237,437,1,136.65,1,1,1,111,Hibernating
14604,633,1,136.35999999999999,1,1,1,111,Hibernating
16651,587,1,136.2,1,1,1,111,Hibernating
16876,404,1,136.01,2,2,1,221,Hibernating
14366,525,1,136.0,1,1,1,111,Hibernating
17583,560,1,135.95,1,2,1,121,Hibernating
14889,336,1,135.9,2,1,1,211,Hibernating
14391,577,1,135.6,1,1,1,111,Hibernating
13076,458,1,135.4,1,1,1,111,Hibernating
16665,362,1,135.4,2,2,1,221,Hibernating
14588,578,1,135.39,1,1,1,111,Hibernating
13144,333,2,135.35,2,2,1,221,Hibernating
17972,242,1,135.19,2,2,1,221,Hibernating
13702,446,1,135.18,1,1,1,111,Hibernating
17199,582,1,135.04000000000002,1,2,1,121,Hibernating
13119,669,1,134.9,1,1,1,111,Hibernating
16055,221,1,134.8,2,1,1,211,Hibernating
14340,219,1,134.7,2,1,1,211,Hibernating
15926,542,1,134.44,1,1,1,111,Hibernating
16289,462,1,134.41,1,1,1,111,Hibernating
16486,538,1,134.36,1,1,1,111,Hibernating
14280,197,1,134.04,2,1,1,211,Hibernating
16886,456,1,134.0,1,2,1,121,Hibernating
17953,540,1,133.37,1,2,1,121,Hibernating
17881,304,1,133.35,2,2,1,221,Hibernating
12467,423,1,132.8,1,1,1,111,Hibernating
13257,436,1,132.35,1,1,1,111,Hibernating
12964,437,1,132.24,1,1,1,111,Hibernating
14438,306,1,131.9,2,1,1,211,Hibernating
17565,587,1,131.83,1,2,1,121,Hibernating
17455,204,1,131.7,2,2,1,221,Hibernating
14378,622,1,131.25,1,1,1,111,Hibernating
15409,721,1,131.25,1,1,1,111,Hibernating
17225,582,1,131.15,1,2,1,121,Hibernating
17240,596,1,130.60000000000002,1,2,1,121,Hibernating
16410,734,1,130.32,1,1,1,111,Hibernating
16288,470,1,129.85,1,1,1,111,Hibernating
15317,677,1,129.75,1,1,1,111,Hibernating
17762,456,1,129.75,1,2,1,121,Hibernating
14999,593,1,129.48000000000002,1,1,1,111,Hibernating
17056,738,1,128.60000000000002,1,2,1,121,Hibernating
17089,386,1,128.45,2,2,1,221,Hibernating
16251,512,1,128.31,1,1,1,111,Hibernating
13716,269,1,127.75,2,1,1,211,Hibernating
13053,622,1,127.65,1,1,1,111,Hibernating
17826,374,1,127.54,2,2,1,221,Hibernating
13586,541,1,127.28,1,1,1,111,Hibernating
16973,386,1,127.0,2,2,1,221,Hibernating
14751,684,2,126.45,1,2,1,121,Hibernating
16294,477,1,126.05000000000001,1,1,1,111,Hibernating
13794,547,1,126.03,1,1,1,111,Hibernating
17657,430,1,126.0,1,2,1,121,Hibernating
16925,540,1,125.65,1,2,1,121,Hibernating
13912,424,1,124.95,1,1,1,111,Hibernating
17818,738,1,124.78,1,2,1,121,Hibernating
13312,451,1,124.75,1,1,1,111,Hibernating
16849,187,1,124.57,2,2,1,221,Hibernating
17316,420,1,124.45,1,2,1,121,Hibernating
12773,564,1,124.25,1,1,1,111,Hibernating
18000,564,1,124.25,1,2,1,121,Hibernating
15779,463,2,124.08000000000001,1,2,1,121,Hibernating
13968,423,1,123.66,1,1,1,111,Hibernating
14187,474,1,123.5,1,1,1,111,Hibernating
15892,669,1,123.25,1,1,1,111,Hibernating
16397,628,1,123.13,1,1,1,111,Hibernating
12969,603,1,122.45,1,1,1,111,Hibernating
16073,297,1,122.4,2,1,1,211,Hibernating
13084,492,1,122.39999999999999,1,1,1,111,Hibernating
15923,373,1,121.28,2,1,1,211,Hibernating
15049,274,1,121.17000000000002,2,1,1,211,Hibernating
17260,411,1,120.95,1,2,1,121,Hibernating
14884,669,1,120.6,1,1,1,111,Hibernating
17543,550,1,120.05,1,2,1,121,Hibernating
14453,190,1,119.93,2,1,1,211,Hibernating
15161,388,1,119.92,2,1,1,211,Hibernating
17541,510,1,119.86,1,2,1,121,Hibernating
17280,438,1,118.86,1,2,1,121,Hibernating
14155,266,1,118.75,2,1,1,211,Hibernating
14165,276,1,117.89,2,1,1,211,Hibernating
12929,312,1,117.85,2,1,1,211,Hibernating
17654,277,1,117.55,2,2,1,221,Hibernating
14726,655,1,116.5,1,1,1,111,Hibernating
17117,288,1,116.2,2,2,1,221,Hibernating
14874,535,1,116.18,1,1,1,111,Hibernating
16068,594,1,115.73,1,1,1,111,Hibernating
16865,402,1,115.65,2,2,1,221,Hibernating
18012,723,1,115.3,1,2,1,121,Hibernating
17177,505,1,115.15,1,2,1,121,Hibernating
17401,541,1,114.85,1,2,1,121,Hibernating
15905,543,1,114.69,1,1,1,111,Hibernating
14632,263,1,114.56,2,1,1,211,Hibernating
17275,383,1,114.1,2,2,1,221,Hibernating
15056,520,1,113.65,1,1,1,111,Hibernating
14457,311,1,113.64,2,1,1,211,Hibernating
16821,382,1,113.35,2,2,1,221,Hibernating
17784,550,1,112.86,1,2,1,121,Hibernating
18148,647,1,112.85000000000001,1,2,1,121,Hibernating
14689,209,1,112.80000000000001,2,1,1,211,Hibernating
16697,241,1,112.75,2,2,1,221,Hibernating
15702,476,1,112.57,1,1,1,111,Hibernating
18129,243,1,112.55000000000001,2,2,1,221,Hibernating
13241,412,1,112.53,1,1,1,111,Hibernating
13620,528,1,112.34,1,1,1,111,Hibernating
14750,736,1,112.03,1,1,1,111,Hibernating
14668,445,1,111.63,1,1,1,111,Hibernating
17304,534,1,111.5,1,2,1,121,Hibernating
15352,549,1,111.15,1,1,1,111,Hibernating
17208,396,1,111.15,2,2,1,221,Hibernating
18120,214,1,111.15,2,2,1,221,Hibernating
14464,568,2,111.0,1,2,1,121,Hibernating
12692,637,1,110.95,1,1,1,111,Hibernating
18256,388,1,110.69999999999999,2,2,1,221,Hibernating
14787,471,1,110.65,1,1,1,111,Hibernating
16963,187,1,110.55000000000001,2,2,1,221,Hibernating
15851,527,1,109.73,1,1,1,111,Hibernating
14033,555,1,109.44,1,1,1,111,Hibernating
13071,612,1,109.42,1,1,1,111,Hibernating
16064,725,1,109.31,1,1,1,111,Hibernating
16664,569,1,109.2,1,2,1,121,Hibernating
14721,379,1,109.07,2,1,1,211,Hibernating
14444,456,1,108.84,1,1,1,111,Hibernating
15875,646,1,108.52,1,1,1,111,Hibernating
18020,544,1,108.18,1,2,1,121,Hibernating
15935,239,1,108.03999999999999,2,1,1,211,Hibernating
14374,541,1,108.0,1,1,1,111,Hibernating
15731,554,1,107.89999999999999,1,1,1,111,Hibernating
14943,663,1,107.62,1,1,1,111,Hibernating
15395,326,1,107.45,2,1,1,211,Hibernating
16301,737,1,107.33,1,1,1,111,Hibernating
15328,408,1,107.24,2,1,1,211,Hibernating
17893,225,1,107.21,2,2,1,221,Hibernating
15846,385,1,107.01,2,1,1,211,Hibernating
16630,407,1,106.80000000000001,2,1,1,211,Hibernating
16082,670,1,106.75,1,1,1,111,Hibernating
14637,677,1,106.68,1,1,1,111,Hibernating
14066,267,1,106.65,2,1,1,211,Hibernating
15927,647,1,106.54,1,1,1,111,Hibernating
17933,632,1,105.99,1,2,1,121,Hibernating
18103,549,1,105.8,1,2,1,121,Hibernating
15642,730,1,105.78,1,1,1,111,Hibernating
14579,432,1,105.56,1,1,1,111,Hibernating
15340,562,1,105.5,1,1,1,111,Hibernating
16896,555,1,103.95,1,2,1,121,Hibernating
15924,731,1,102.82,1,1,1,111,Hibernating
17467,395,1,102.6,2,2,1,221,Hibernating
13829,421,1,102.0,1,1,1,111,Hibernating
15486,527,1,102.0,1,1,1,111,Hibernating
18068,289,1,101.7,2,2,1,221,Hibernating
16944,610,1,101.36,1,2,1,121,Hibernating
18086,274,1,101.34,2,2,1,221,Hibernating
18195,387,1,101.16,2,2,1,221,Hibernating
15843,304,1,101.10000000000001,2,1,1,211,Hibernating
17493,385,1,100.91,2,2,1,221,Hibernating
17224,501,1,100.86000000000001,1,2,1,121,Hibernating
14371,295,1,100.5,2,1,1,211,Hibernating
15635,396,1,100.35,2,1,1,211,Hibernating
14509,534,1,99.35,1,1,1,111,Hibernating
16694,723,1,98.30000000000001,1,2,1,121,Hibernating
17395,508,1,97.5,1,2,1,121,Hibernating
17328,673,1,97.2,1,2,1,121,Hibernating
13793,647,1,96.0,1,1,1,111,Hibernating
15583,376,1,95.96,2,1,1,211,Hibernating
15285,408,1,94.92,2,1,1,211,Hibernating
14833,499,1,94.8,1,1,1,111,Hibernating
15868,583,1,94.53,1,1,1,111,Hibernating
16339,284,1,94.05,2,1,1,211,Hibernating
15397,290,1,94.0,2,1,1,211,Hibernating
14394,565,1,93.8,1,1,1,111,Hibernating
15305,555,1,93.6,1,1,1,111,Hibernating
15082,669,1,93.35000000000001,1,1,1,111,Hibernating
12992,725,1,93.35,1,1,1,111,Hibernating
16196,489,1,93.3,1,1,1,111,Hibernating
16598,286,1,92.85000000000001,2,1,1,211,Hibernating
16547,546,1,92.66,1,1,1,111,Hibernating
16375,470,2,92.4,1,2,1,121,Hibernating
13392,677,1,91.14,1,1,1,111,Hibernating
14786,550,1,90.96,1,1,1,111,Hibernating
14435,502,1,90.42,1,1,1,111,Hibernating
17909,737,1,90.15,1,2,1,121,Hibernating
15686,420,1,90.0,1,1,1,111,Hibernating
16061,431,1,89.65,1,1,1,111,Hibernating
13535,403,1,89.5,2,1,1,211,Hibernating
14760,297,1,89.2,2,1,1,211,Hibernating
13222,577,1,88.5,1,1,1,111,Hibernating
15083,257,1,88.2,2,1,1,211,Hibernating
16564,569,1,87.80000000000001,1,1,1,111,Hibernating
17606,737,1,87.30000000000001,1,2,1,121,Hibernating
13180,607,1,86.10000000000001,1,1,1,111,Hibernating
18124,472,1,85.25,1,2,1,121,Hibernating
13841,253,1,85.0,2,1,1,211,Hibernating
12774,536,1,83.7,1,1,1,111,Hibernating
15094,463,2,83.0,1,2,1,121,Hibernating
14347,737,1,82.60000000000001,1,1,1,111,Hibernating
13469,653,1,82.4,1,1,1,111,Hibernating
16028,596,1,82.2,1,1,1,111,Hibernating
13215,402,1,81.6,2,1,1,211,Hibernating
17008,429,1,81.36,1,2,1,121,Hibernating
14717,733,1,81.3,1,1,1,111,Hibernating
15170,407,1,81.15,2,1,1,211,Hibernating
17336,472,1,81.12,1,2,1,121,Hibernating
17752,359,1,80.64,2,2,1,221,Hibernating
15833,738,1,80.4,1,1,1,111,Hibernating
15131,395,1,80.28,2,1,1,211,Hibernating
14190,666,1,79.9,1,1,1,111,Hibernating
16165,505,1,79.9,1,1,1,111,Hibernating
14007,513,1,79.48,1,1,1,111,Hibernating
15753,305,1,79.2,2,1,1,211,Hibernating
13132,262,1,77.3,2,1,1,211,Hibernating
16867,690,1,76.74000000000001,1,2,1,121,Hibernating
14373,358,1,76.55,2,1,1,211,Hibernating
14090,325,1,76.32000000000001,2,1,1,211,Hibernating
14613,680,1,76.32000000000001,1,1,1,111,Hibernating
15668,218,1,76.32000000000001,2,1,1,211,Hibernating
18113,369,1,76.32000000000001,2,2,1,221,Hibernating
13219,618,1,76.23,1,1,1,111,Hibernating
16610,219,1,75.66,2,1,1,211,Hibernating
14559,390,1,75.6,2,1,1,211,Hibernating
17192,536,1,75.28,1,2,1,121,Hibernating
16420,396,1,75.0,2,1,1,211,Hibernating
17944,423,1,74.99,1,2,1,121,Hibernating
16831,565,1,74.4,1,2,1,121,Hibernating
12506,233,1,73.5,2,1,1,211,Hibernating
18032,334,1,73.5,2,2,1,221,Hibernating
13580,406,1,72.95,2,1,1,211,Hibernating
17906,247,1,72.9,2,2,1,221,Hibernating
13105,436,1,72.0,1,1,1,111,Hibernating
16459,730,1,71.78999999999999,1,1,1,111,Hibernating
13185,268,1,71.4,2,1,1,211,Hibernating
16970,626,1,71.4,1,2,1,121,Hibernating
12686,372,1,71.14,2,1,1,211,Hibernating
13915,394,1,70.80000000000001,2,1,1,211,Hibernating
15564,463,2,70.74000000000001,1,2,1,121,Hibernating
17971,548,1,70.14,1,2,1,121,Hibernating
13172,400,1,69.6,2,1,1,211,Hibernating
12401,303,1,69.3,2,1,1,211,Hibernating
12861,620,1,68.25,1,1,1,111,Hibernating
17249,429,1,68.03,1,2,1,121,Hibernating
14393,218,1,67.95,2,1,1,211,Hibernating
17532,386,1,65.34,2,2,1,221,Hibernating
16238,423,1,63.66,1,1,1,111,Hibernating
17216,554,1,63.6,1,2,1,121,Hibernating
17263,208,1,63.440000000000005,2,2,1,221,Hibernating
15470,576,1,63.419999999999995,1,1,1,111,Hibernating
16058,406,1,62.7,2,1,1,211,Hibernating
14650,589,1,62.5,1,1,1,111,Hibernating
13303,400,1,61.72,2,1,1,211,Hibernating
13818,430,1,61.28,1,1,1,111,Hibernating
15375,690,1,60.959999999999994,1,1,1,111,Hibernating
16605,724,1,60.48,1,1,1,111,Hibernating
15250,641,1,60.0,1,1,1,111,Hibernating
17174,218,1,59.9,2,2,1,221,Hibernating
13391,204,1,59.8,2,1,1,211,Hibernating
13682,187,1,59.5,2,1,1,211,Hibernating
15233,401,1,59.400000000000006,2,1,1,211,Hibernating
15371,662,1,59.400000000000006,1,1,1,111,Hibernating
14384,501,1,58.5,1,1,1,111,Hibernating
17775,255,1,56.4,2,2,1,221,Hibernating
15899,369,1,56.25,2,1,1,211,Hibernating
15685,450,1,55.980000000000004,1,1,1,111,Hibernating
17494,502,1,54.7,1,2,1,121,Hibernating
12860,693,1,54.22,1,1,1,111,Hibernating
13306,430,1,53.65,1,1,1,111,Hibernating
16349,291,1,53.5,2,1,1,211,Hibernating
17599,478,1,52.05,1,2,1,121,Hibernating
12568,645,1,52.0,1,1,1,111,Hibernating
16786,394,1,51.84,2,2,1,221,Hibernating
13254,376,1,51.41,2,1,1,211,Hibernating
13011,372,1,50.550000000000004,2,1,1,211,Hibernating
14743,593,1,50.480000000000004,1,1,1,111,Hibernating
13022,430,1,50.3,1,1,1,111,Hibernating
16530,668,1,48.35,1,1,1,111,Hibernating
13438,547,1,46.5,1,1,1,111,Hibernating
15698,624,1,46.2,1,1,1,111,Hibernating
15672,725,1,45.300000000000004,1,1,1,111,Hibernating
13380,433,1,45.0,1,1,1,111,Hibernating
12496,620,2,44.09,1,2,1,121,Hibernating
13913,507,1,42.22,1,1,1,111,Hibernating
13906,409,1,42.0,1,1,1,111,Hibernating
16219,501,1,40.8,1,1,1,111,Hibernating
14266,428,1,40.56,1,1,1,111,Hibernating
15178,260,1,40.5,2,1,1,211,Hibernating
14086,463,1,39.95,1,1,1,111,Hibernating
14589,372,1,39.75,2,1,1,211,Hibernating
16659,189,1,39.12,2,1,1,211,Hibernating
15455,598,1,38.25,1,1,1,111,Hibernating
15693,659,1,37.5,1,1,1,111,Hibernating
16162,252,1,37.4,2,1,1,211,Hibernating
17352,696,1,36.25,1,2,1,121,Hibernating
14993,564,1,36.13,1,1,1,111,Hibernating
15940,311,1,35.8,2,1,1,211,Hibernating
16417,493,1,35.7,1,1,1,111,Hibernating
14576,372,1,35.400000000000006,2,1,1,211,Hibernating
17533,435,1,34.8,1,2,1,121,Hibernating
15871,437,1,33.099999999999994,1,1,1,111,Hibernating
16941,612,1,33.0,1,2,1,121,Hibernating
14977,726,1,31.93,1,1,1,111,Hibernating
17129,520,1,31.85,1,2,1,121,Hibernating
13120,239,1,30.6,2,1,1,211,Hibernating
14144,486,1,30.6,1,1,1,111,Hibernating
16548,599,1,30.15,1,1,1,111,Hibernating
15575,620,1,30.1,1,1,1,111,Hibernating
17319,669,1,29.099999999999998,1,2,1,121,Hibernating
12776,668,1,27.5,1,1,1,111,Hibernating
17102,262,1,25.5,2,2,1,221,Hibernating
15284,500,1,24.75,1,1,1,111,Hibernating
14610,396,2,24.35,2,2,1,221,Hibernating
13112,541,1,20.599999999999998,1,1,1,111,Hibernating
15999,736,1,20.4,1,1,1,111,Hibernating
13163,610,1,17.65,1,1,1,111,Hibernating
14580,518,1,14.85,1,1,1,111,Hibernating
14900,522,1,13.919999999999998,1,1,1,111,Hibernating
17956,249,1,12.75,2,2,1,221,Hibernating
17378,374,1,10.95,2,2,1,221,Hibernating
16537,641,1,10.55,1,1,1,111,Hibernating
18115,698,1,9.700000000000001,1,2,1,121,Hibernating
15040,542,1,7.49,1,1,1,111,Hibernating
15913,534,1,6.300000000000001,1,1,1,111,Hibernating
13788,505,1,3.75,1,1,1,111,Hibernating
16738,298,1,3.75,2,2,1,221,Hibernating
14095,723,1,2.95,1,1,1,111,Hibernating
18251,87,9,26278.86,3,5,5,355,Loyal Customers
13802,139,19,26195.51,3,5,5,355,Loyal Customers
12939,64,20,25264.8,3,5,5,355,Loyal Customers
12409,79,7,23217.69,3,4,5,345,Loyal Customers
18008,70,23,19759.079999999998,3,5,5,355,Loyal Customers
14952,60,32,17404.95,3,5,5,355,Loyal Customers
15523,84,16,17259.19,3,5,5,355,Loyal Customers
13027,114,19,17239.2,3,5,5,355,Loyal Customers
16553,163,33,16584.01,3,5,5,355,Loyal Customers
12980,158,21,16245.78,3,5,5,355,Loyal Customers
16180,100,13,16180.27,3,5,5,355,Loyal Customers
15768,116,34,14989.44,3,5,5,355,Loyal Customers
12435,80,6,13925.93,3,4,5,345,Loyal Customers
17589,60,18,13762.77,3,5,5,355,Loyal Customers
15874,64,21,11135.36,3,5,5,355,Loyal Customers
14016,162,11,11091.31,3,5,5,355,Loyal Customers
14045,109,16,10986.63,3,5,5,355,Loyal Customers
16984,88,9,10299.98,3,5,5,355,Loyal Customers
16182,72,9,9971.65,3,5,5,355,Loyal Customers
14101,74,13,9961.93,3,5,5,355,Loyal Customers
18260,173,23,9947.26,3,5,5,355,Loyal Customers
12758,117,7,9816.84,3,4,5,345,Loyal Customers
13162,122,16,9195.09,3,5,5,355,Loyal Customers
15939,90,15,9004.84,3,5,5,355,Loyal Customers
16709,85,14,8974.89,3,5,5,355,Loyal Customers
16550,109,18,8807.68,3,5,5,355,Loyal Customers
15260,100,25,8767.73,3,5,5,355,Loyal Customers
13555,74,13,8675.09,3,5,5,355,Loyal Customers
15281,59,16,8440.52,3,5,5,355,Loyal Customers
16556,67,17,7971.84,3,5,5,355,Loyal Customers
12637,67,12,7934.46,3,5,5,355,Loyal Customers
12643,128,11,7803.82,3,5,5,355,Loyal Customers
13869,123,10,7721.47,3,5,5,355,Loyal Customers
17085,123,26,7707.87,3,5,5,355,Loyal Customers
14175,60,8,7663.58,3,4,5,345,Loyal Customers
17409,185,10,7651.31,3,5,5,355,Loyal Customers
13373,61,6,7587.1900000000005,3,4,5,345,Loyal Customers
13141,85,17,7533.68,3,5,5,355,Loyal Customers
16253,67,7,7222.2,3,4,5,345,Loyal Customers
13082,126,21,7152.15,3,5,5,355,Loyal Customers
13552,66,22,6918.32,3,5,5,355,Loyal Customers
16745,87,17,6787.2,3,5,5,355,Loyal Customers
14844,64,10,6682.63,3,5,5,355,Loyal Customers
15321,71,12,6642.2300000000005,3,5,5,355,Loyal Customers
14461,148,13,6637.67,3,5,5,355,Loyal Customers
15674,73,12,6598.52,3,5,5,355,Loyal Customers
12836,59,15,6559.7300000000005,3,5,5,355,Loyal Customers
15980,89,7,6543.68,3,4,5,345,Loyal Customers
12823,75,18,6501.5,3,5,5,355,Loyal Customers
14855,119,7,6500.5,3,4,5,345,Loyal Customers
12843,66,28,6459.32,3,5,5,355,Loyal Customers
13317,66,19,6453.3910000000005,3,5,5,355,Loyal Customers
18094,82,13,6391.52,3,5,5,355,Loyal Customers
17873,80,18,6135.950000000001,3,5,5,355,Loyal Customers
15673,88,9,6127.82,3,5,5,355,Loyal Customers
18178,129,11,6088.74,3,5,5,355,Loyal Customers
16735,79,14,6064.41,3,5,5,355,Loyal Customers
15372,137,8,6017.0599999999995,3,4,5,345,Loyal Customers
16456,99,13,5993.04,3,5,5,355,Loyal Customers
13334,82,5,5976.8,3,4,5,345,Loyal Customers
14918,116,9,5955.81,3,5,5,355,Loyal Customers
14257,64,9,5954.45,3,5,5,355,Loyal Customers
14535,60,9,5920.89,3,5,5,355,Loyal Customers
17457,127,14,5908.49,3,5,5,355,Loyal Customers
17146,106,13,5748.24,3,5,5,355,Loyal Customers
16316,64,13,5725.11,3,5,5,355,Loyal Customers
12455,73,9,5722.95,3,5,5,355,Loyal Customers
17819,72,12,5714.6,3,5,5,355,Loyal Customers
13771,64,9,5713.52,3,5,5,355,Loyal Customers
13722,132,10,5635.41,3,5,5,355,Loyal Customers
16320,172,6,5628.99,3,4,5,345,Loyal Customers
13901,72,15,5586.22,3,5,5,355,Loyal Customers
15228,66,6,5560.47,3,4,5,345,Loyal Customers
15299,67,9,5556.53,3,5,5,355,Loyal Customers
17204,175,9,5504.6900000000005,3,5,5,355,Loyal Customers
14210,106,16,5457.570000000001,3,5,5,355,Loyal Customers
13520,59,11,5446.0,3,5,5,355,Loyal Customers
13593,108,14,5392.84,3,5,5,355,Loyal Customers
13842,59,18,5306.04,3,5,5,355,Loyal Customers
15641,105,12,5274.63,3,5,5,355,Loyal Customers
13931,96,11,5239.9800000000005,3,5,5,355,Loyal Customers
17061,74,11,5232.2300000000005,3,5,5,355,Loyal Customers
15812,107,12,5201.47,3,5,5,355,Loyal Customers
14930,109,6,5191.13,3,4,5,345,Loyal Customers
15606,61,17,5097.19,3,5,5,355,Loyal Customers
12633,59,7,5006.46,3,4,5,345,Loyal Customers
14970,68,12,4919.35,3,5,5,355,Loyal Customers
17802,82,10,4904.02,3,5,5,355,Loyal Customers
15379,169,8,4872.8,3,4,5,345,Loyal Customers
13562,82,8,4838.18,3,4,5,345,Loyal Customers
16919,156,24,4745.41,3,5,5,355,Loyal Customers
15410,84,10,4665.92,3,5,5,355,Loyal Customers
14235,75,9,4663.39,3,5,5,355,Loyal Customers
15245,134,8,4610.84,3,4,5,345,Loyal Customers
13851,96,8,4589.06,3,4,5,345,Loyal Customers
15416,65,7,4572.82,3,4,5,345,Loyal Customers
18064,133,11,4481.83,3,5,5,355,Loyal Customers
12916,139,7,4479.73,3,4,5,345,Loyal Customers
15122,114,11,4475.37,3,5,5,355,Loyal Customers
17400,126,8,4475.18,3,5,5,355,Loyal Customers
15581,156,34,4418.36,3,5,5,355,Loyal Customers
15764,88,8,4391.4800000000005,3,4,5,345,Loyal Customers
12917,128,6,4359.2,3,4,5,345,Loyal Customers
14854,78,11,4303.06,3,5,5,355,Loyal Customers
14514,61,9,4294.79,3,5,5,355,Loyal Customers
17050,96,10,4283.96,3,5,5,355,Loyal Customers
14307,89,10,4257.32,3,5,5,355,Loyal Customers
16875,67,11,4217.13,3,5,5,355,Loyal Customers
18194,82,6,4162.04,3,4,5,345,Loyal Customers
15518,64,15,4159.39,3,5,5,355,Loyal Customers
16209,89,9,4131.78,3,5,5,355,Loyal Customers
16477,64,11,4059.57,3,5,5,355,Loyal Customers
17083,109,9,4049.79,3,5,5,355,Loyal Customers
16098,88,14,4010.7,3,5,5,355,Loyal Customers
15002,116,9,4004.1800000000003,3,5,5,355,Loyal Customers
16455,64,11,3990.4700000000003,3,5,5,355,Loyal Customers
12840,144,7,3988.21,3,4,5,345,Loyal Customers
15665,168,5,3987.07,3,4,5,345,Loyal Customers
17667,66,9,3930.9,3,5,5,355,Loyal Customers
13037,138,12,3909.91,3,5,5,355,Loyal Customers
12853,135,11,3876.9,3,5,5,355,Loyal Customers
15067,78,5,3862.88,3,4,5,345,Loyal Customers
18073,114,12,3799.82,3,5,5,355,Loyal Customers
16928,80,26,3796.18,3,5,5,355,Loyal Customers
17553,130,4,3757.6,3,4,5,345,Loyal Customers
15421,59,10,3728.84,3,5,5,355,Loyal Customers
15834,70,7,3719.39,3,4,5,345,Loyal Customers
14364,109,8,3717.35,3,4,5,345,Loyal Customers
15704,140,6,3714.86,3,4,5,345,Loyal Customers
15255,67,9,3686.2200000000003,3,5,5,355,Loyal Customers
14565,96,5,3670.9700000000003,3,4,5,345,Loyal Customers
14857,60,7,3651.851,3,4,5,345,Loyal Customers
12422,96,12,3629.39,3,5,5,355,Loyal Customers
16503,107,11,3614.34,3,5,5,355,Loyal Customers
15569,104,10,3583.45,3,5,5,355,Loyal Customers
17311,78,6,3566.56,3,4,5,345,Loyal Customers
18242,72,8,3565.61,3,5,5,355,Loyal Customers
15827,73,26,3531.14,3,5,5,355,Loyal Customers
16395,61,14,3517.56,3,5,5,355,Loyal Customers
17722,96,5,3500.42,3,4,5,345,Loyal Customers
17848,81,30,3500.21,3,5,5,355,Loyal Customers
13929,169,11,3494.1,3,5,5,355,Loyal Customers
14837,90,9,3442.92,3,5,5,355,Loyal Customers
14409,71,9,3417.09,3,5,5,355,Loyal Customers
14934,82,5,3403.5,3,4,5,345,Loyal Customers
18093,93,8,3394.31,3,5,5,355,Loyal Customers
15306,64,9,3392.69,3,5,5,355,Loyal Customers
12530,60,9,3381.26,3,5,5,355,Loyal Customers
17723,127,7,3378.4000000000005,3,4,5,345,Loyal Customers
17931,134,14,3377.7400000000002,3,5,5,355,Loyal Customers
13979,73,7,3373.63,3,4,5,345,Loyal Customers
16045,120,8,3352.43,3,5,5,355,Loyal Customers
18168,176,16,3317.9,3,5,5,355,Loyal Customers
13431,67,8,3283.54,3,4,5,345,Loyal Customers
14451,60,12,3258.68,3,5,5,355,Loyal Customers
17353,129,4,3242.0,3,4,5,345,Loyal Customers
16101,71,4,3211.76,3,4,5,345,Loyal Customers
13611,89,10,3206.13,3,5,5,355,Loyal Customers
13291,156,11,3192.29,3,5,5,355,Loyal Customers
17640,87,6,3149.14,3,4,5,345,Loyal Customers
16584,80,5,3136.37,3,4,5,345,Loyal Customers
15199,59,10,3122.4,3,5,5,355,Loyal Customers
17774,97,9,3103.48,3,5,5,355,Loyal Customers
15625,104,9,3097.2,3,5,5,355,Loyal Customers
14978,72,10,3086.19,3,5,5,355,Loyal Customers
13397,73,10,3073.07,3,5,5,355,Loyal Customers
13631,100,11,3070.42,3,5,5,355,Loyal Customers
15491,95,6,3055.33,3,4,5,345,Loyal Customers
14038,78,5,3052.48,3,4,5,345,Loyal Customers
14916,71,8,3042.95,3,4,5,345,Loyal Customers
13425,108,5,3042.43,3,4,5,345,Loyal Customers
15095,104,10,3039.64,3,5,5,355,Loyal Customers
16059,66,12,3038.7200000000003,3,5,5,355,Loyal Customers
13848,92,8,3015.0,3,4,5,345,Loyal Customers
16400,95,9,3003.25,3,5,5,355,Loyal Customers
15810,79,8,2999.04,3,4,5,345,Loyal Customers
12502,96,5,2995.87,3,4,5,345,Loyal Customers
14344,127,20,2988.05,3,5,5,355,Loyal Customers
15182,154,11,2979.152,3,5,5,355,Loyal Customers
12510,143,7,2979.03,3,4,5,345,Loyal Customers
12854,79,7,2970.9700000000003,3,4,5,345,Loyal Customers
14867,186,16,2952.06,3,5,5,355,Loyal Customers
15757,66,6,2940.36,3,4,5,345,Loyal Customers
17588,100,7,2939.55,3,4,5,345,Loyal Customers
15312,75,12,2930.19,3,5,5,355,Loyal Customers
15241,67,11,2923.56,3,5,5,355,Loyal Customers
16383,75,7,2887.99,3,4,5,345,Loyal Customers
16229,87,6,2867.86,3,4,5,345,Loyal Customers
16755,114,7,2831.28,3,4,4,344,Loyal Customers
17242,108,5,2826.88,3,4,4,344,Loyal Customers
12609,78,9,2825.6,3,5,4,354,Loyal Customers
13764,71,6,2808.02,3,4,4,344,Loyal Customers
15797,113,5,2806.08,3,4,4,344,Loyal Customers
13330,93,6,2796.1,3,4,4,344,Loyal Customers
17552,60,12,2786.77,3,5,4,354,Loyal Customers
14665,61,7,2734.35,3,4,4,344,Loyal Customers
15389,172,5,2733.8,3,4,4,344,Loyal Customers
15841,73,9,2732.45,3,5,4,354,Loyal Customers
16104,62,9,2728.86,3,5,4,354,Loyal Customers
15985,123,7,2715.28,3,4,4,344,Loyal Customers
18173,87,5,2696.36,3,4,4,344,Loyal Customers
16086,59,10,2687.73,3,5,4,354,Loyal Customers
17692,127,11,2676.7400000000002,3,5,4,354,Loyal Customers
17388,78,11,2660.07,3,5,4,354,Loyal Customers
13473,61,8,2657.76,3,4,4,344,Loyal Customers
15596,101,9,2643.02,3,5,4,354,Loyal Customers
14410,92,11,2607.95,3,5,4,354,Loyal Customers
14163,87,5,2591.77,3,4,4,344,Loyal Customers
14147,78,9,2590.2,3,5,4,354,Loyal Customers
15062,71,8,2585.62,3,4,4,344,Loyal Customers
13799,117,9,2577.37,3,5,4,354,Loyal Customers
12457,66,7,2555.91,3,4,4,344,Loyal Customers
14745,113,12,2551.41,3,5,4,354,Loyal Customers
16036,87,4,2541.44,3,4,4,344,Loyal Customers
14548,151,9,2541.29,3,5,4,354,Loyal Customers
17002,86,7,2540.95,3,4,4,344,Loyal Customers
17594,85,4,2497.88,3,4,4,344,Loyal Customers
13414,134,6,2494.14,3,4,4,344,Loyal Customers
14541,59,14,2491.38,3,5,4,354,Loyal Customers
15716,146,11,2482.7400000000002,3,5,4,354,Loyal Customers
13192,95,5,2482.08,3,4,4,344,Loyal Customers
13134,86,6,2475.23,3,4,4,344,Loyal Customers
17284,60,7,2464.25,3,4,4,344,Loyal Customers
12924,88,12,2461.45,3,5,4,354,Loyal Customers
13085,158,8,2433.28,3,4,4,344,Loyal Customers
15623,141,8,2419.65,3,4,4,344,Loyal Customers
16040,65,7,2416.9,3,4,4,344,Loyal Customers
12412,75,6,2404.93,3,4,4,344,Loyal Customers
17505,162,5,2404.88,3,4,4,344,Loyal Customers
12393,72,6,2399.45,3,4,4,344,Loyal Customers
17320,100,6,2398.9500000000003,3,4,4,344,Loyal Customers
15366,75,7,2389.08,3,4,4,344,Loyal Customers
14758,145,7,2387.25,3,4,4,344,Loyal Customers
17921,64,10,2384.16,3,5,4,354,Loyal Customers
16147,134,5,2381.51,3,4,4,344,Loyal Customers
17969,166,20,2354.29,3,5,4,354,Loyal Customers
16083,101,4,2351.42,3,4,4,344,Loyal Customers
17591,73,8,2338.07,3,5,4,354,Loyal Customers
15549,77,8,2330.41,3,4,4,344,Loyal Customers
12520,79,5,2326.46,3,4,4,344,Loyal Customers
14414,92,8,2316.41,3,4,4,344,Loyal Customers
17282,130,5,2308.54,3,4,4,344,Loyal Customers
17894,72,18,2299.06,3,5,4,354,Loyal Customers
14346,121,5,2298.35,3,4,4,344,Loyal Customers
17047,85,6,2289.23,3,4,4,344,Loyal Customers
16485,77,5,2287.19,3,4,4,344,Loyal Customers
14481,165,5,2284.69,3,4,4,344,Loyal Customers
13655,114,6,2265.21,3,4,4,344,Loyal Customers
17994,122,11,2264.0299999999997,3,5,4,354,Loyal Customers
12701,80,6,2248.41,3,4,4,344,Loyal Customers
14644,68,7,2247.72,3,4,4,344,Loyal Customers
16174,126,7,2246.75,3,4,4,344,Loyal Customers
16551,96,7,2237.12,3,4,4,344,Loyal Customers
16108,85,4,2235.92,3,4,4,344,Loyal Customers
13662,86,11,2233.61,3,5,4,354,Loyal Customers
18215,89,5,2232.4900000000002,3,4,4,344,Loyal Customers
13280,122,7,2232.13,3,4,4,344,Loyal Customers
14462,66,12,2227.91,3,5,4,354,Loyal Customers
13627,59,7,2226.1,3,4,4,344,Loyal Customers
17648,61,5,2216.37,3,4,4,344,Loyal Customers
16317,120,5,2172.71,3,4,4,344,Loyal Customers
14177,86,13,2165.64,3,5,4,354,Loyal Customers
17905,71,13,2162.42,3,5,4,354,Loyal Customers
14573,180,13,2150.07,3,5,4,354,Loyal Customers
16520,186,6,2148.38,3,4,4,344,Loyal Customers
17460,94,16,2140.57,3,5,4,354,Loyal Customers
13092,71,12,2140.28,3,5,4,354,Loyal Customers
16493,80,7,2132.09,3,4,4,344,Loyal Customers
18116,68,13,2123.41,3,5,4,354,Loyal Customers
17029,111,7,2122.0,3,4,4,344,Loyal Customers
13320,78,6,2112.6,3,4,4,344,Loyal Customers
16807,143,6,2108.88,3,4,4,344,Loyal Customers
14006,116,7,2106.67,3,4,4,344,Loyal Customers
14276,99,7,2102.68,3,4,4,344,Loyal Customers
16054,145,4,2101.98,3,4,4,344,Loyal Customers
15815,64,5,2100.6,3,4,4,344,Loyal Customers
17742,113,11,2098.48,3,5,4,354,Loyal Customers
12649,107,8,2081.35,3,4,4,344,Loyal Customers
14472,104,9,2074.79,3,5,4,354,Loyal Customers
17048,118,7,2071.68,3,4,4,344,Loyal Customers
14407,107,5,2069.17,3,4,4,344,Loyal Customers
13748,96,9,2064.35,3,5,4,354,Loyal Customers
13591,65,7,2055.69,3,4,4,344,Loyal Customers
16027,92,15,2048.36,3,5,4,354,Loyal Customers
13663,179,5,2047.51,3,4,4,344,Loyal Customers
17897,173,9,2044.99,3,5,4,354,Loyal Customers
13476,179,5,2041.67,3,4,4,344,Loyal Customers
16214,171,4,2038.25,3,4,4,344,Loyal Customers
13989,66,5,2026.06,3,4,4,344,Loyal Customers
14651,67,9,2022.67,3,5,4,354,Loyal Customers
15164,69,9,2017.31,3,5,4,354,Loyal Customers
12868,186,8,2011.0600000000002,3,4,4,344,Loyal Customers
17585,109,7,2002.16,3,4,4,344,Loyal Customers
17126,152,9,2001.28,3,5,4,354,Loyal Customers
14628,91,5,1998.0,3,4,4,344,Loyal Customers
14152,75,7,1997.3400000000001,3,4,4,344,Loyal Customers
13889,93,6,1991.23,3,4,4,344,Loyal Customers
13888,120,7,1981.79,3,4,4,344,Loyal Customers
15030,72,8,1979.91,3,4,4,344,Loyal Customers
15795,150,8,1979.8700000000001,3,4,4,344,Loyal Customers
14905,158,8,1971.39,3,4,4,344,Loyal Customers
14396,65,7,1969.38,3,4,4,344,Loyal Customers
17337,151,4,1944.8799999999999,3,4,4,344,Loyal Customers
13208,59,8,1938.52,3,4,4,344,Loyal Customers
15885,93,13,1921.82,3,5,4,354,Loyal Customers
17997,74,8,1917.46,3,5,4,354,Loyal Customers
16859,145,7,1917.41,3,4,4,344,Loyal Customers
17046,157,5,1906.07,3,4,4,344,Loyal Customers
14127,123,6,1900.0800000000002,3,4,4,344,Loyal Customers
16650,72,7,1898.71,3,4,4,344,Loyal Customers
14389,65,5,1898.01,3,4,4,344,Loyal Customers
17560,95,8,1895.8,3,5,4,354,Loyal Customers
14327,163,6,1894.93,3,4,4,344,Loyal Customers
13276,64,5,1891.91,3,4,4,344,Loyal Customers
16172,95,8,1884.55,3,5,4,354,Loyal Customers
14403,130,6,1880.51,3,4,4,344,Loyal Customers
13946,79,6,1876.23,3,4,4,344,Loyal Customers
16788,123,5,1867.53,3,4,4,344,Loyal Customers
15201,87,7,1842.95,3,4,4,344,Loyal Customers
12399,119,7,1842.3,3,4,4,344,Loyal Customers
16175,94,7,1836.44,3,4,4,344,Loyal Customers
18151,135,6,1833.54,3,4,4,344,Loyal Customers
15402,149,6,1830.1200000000001,3,4,4,344,Loyal Customers
17642,120,5,1824.49,3,4,4,344,Loyal Customers
16233,71,9,1818.31,3,5,4,354,Loyal Customers
15133,128,5,1806.9,3,4,4,344,Loyal Customers
17787,153,4,1799.8400000000001,3,4,4,344,Loyal Customers
16611,186,6,1785.13,3,4,4,344,Loyal Customers
13503,71,5,1778.04,3,4,4,344,Loyal Customers
14915,91,11,1776.45,3,5,4,354,Loyal Customers
12908,176,5,1776.0,3,4,4,344,Loyal Customers
15339,66,7,1775.12,3,4,4,344,Loyal Customers
17603,78,4,1773.38,3,4,4,344,Loyal Customers
16266,74,14,1757.95,3,5,4,354,Loyal Customers
16595,61,5,1757.75,3,4,4,344,Loyal Customers
15128,60,5,1751.1,3,4,4,344,Loyal Customers
14584,169,8,1735.31,3,4,4,344,Loyal Customers
17268,108,11,1733.8899999999999,3,5,4,354,Loyal Customers
15730,66,5,1726.58,3,4,4,344,Loyal Customers
14692,137,12,1715.14,3,5,4,354,Loyal Customers
14224,110,9,1714.36,3,5,4,354,Loyal Customers
17731,79,6,1708.99,3,4,4,344,Loyal Customers
14021,155,7,1699.18,3,4,4,344,Loyal Customers
17695,132,5,1689.16,3,4,4,344,Loyal Customers
17656,73,5,1674.69,3,4,4,344,Loyal Customers
15976,165,6,1668.71,3,4,4,344,Loyal Customers
13434,74,5,1666.8600000000001,3,4,4,344,Loyal Customers
15192,120,5,1666.39,3,4,4,344,Loyal Customers
12348,75,5,1658.3999999999999,3,4,4,344,Loyal Customers
16374,66,5,1653.7,3,4,4,344,Loyal Customers
14643,170,5,1640.29,3,4,4,344,Loyal Customers
18062,173,6,1632.67,3,4,4,344,Loyal Customers
12383,185,5,1628.56,3,4,4,344,Loyal Customers
18136,63,5,1616.3600000000001,3,4,4,344,Loyal Customers
13249,92,9,1608.9299999999998,3,5,4,354,Loyal Customers
16801,163,4,1594.23,3,4,4,344,Loyal Customers
15325,104,8,1586.46,3,4,4,344,Loyal Customers
13539,86,7,1569.36,3,4,4,344,Loyal Customers
17222,65,6,1563.6100000000001,3,4,4,344,Loyal Customers
12947,144,6,1555.99,3,4,4,344,Loyal Customers
14236,81,5,1555.34,3,4,4,344,Loyal Customers
14078,102,9,1551.82,3,5,4,354,Loyal Customers
13752,124,7,1549.8300000000002,3,4,4,344,Loyal Customers
16092,115,6,1535.74,3,4,4,344,Loyal Customers
16774,68,8,1521.58,3,5,4,354,Loyal Customers
14264,155,6,1517.3600000000001,3,4,4,344,Loyal Customers
14609,72,10,1486.2,3,5,4,354,Loyal Customers
17179,178,6,1466.46,3,4,4,344,Loyal Customers
13158,95,5,1465.28,3,4,4,344,Loyal Customers
16835,128,6,1456.66,3,4,4,344,Loyal Customers
16419,113,8,1451.8,3,5,4,354,Loyal Customers
17941,131,4,1433.28,3,4,4,344,Loyal Customers
17259,148,6,1421.79,3,4,4,344,Loyal Customers
13900,183,6,1412.17,3,4,4,344,Loyal Customers
13240,96,8,1409.49,3,4,4,344,Loyal Customers
15889,157,8,1407.05,3,4,4,344,Loyal Customers
16906,82,7,1399.02,3,4,4,344,Loyal Customers
12693,127,7,1392.46,3,4,4,344,Loyal Customers
15652,91,5,1386.04,3,4,4,344,Loyal Customers
13821,145,6,1379.08,3,4,4,344,Loyal Customers
16654,141,8,1377.8700000000001,3,5,4,354,Loyal Customers
18196,95,4,1367.93,3,4,4,344,Loyal Customers
16384,90,4,1358.95,3,4,4,344,Loyal Customers
16681,73,7,1357.54,3,4,4,344,Loyal Customers
12875,143,5,1356.9900000000002,3,4,4,344,Loyal Customers
17025,61,5,1349.67,3,4,4,344,Loyal Customers
14538,65,5,1340.8400000000001,3,4,4,344,Loyal Customers
13259,62,9,1340.54,3,5,4,354,Loyal Customers
17429,128,5,1340.06,3,4,4,344,Loyal Customers
13220,78,5,1336.0900000000001,3,4,4,344,Loyal Customers
17033,86,4,1332.79,3,4,4,344,Loyal Customers
15996,88,7,1315.0,3,4,4,344,Loyal Customers
12987,74,5,1312.21,3,4,4,344,Loyal Customers
17027,79,9,1305.68,3,5,4,354,Loyal Customers
18268,134,6,1305.55,3,4,4,344,Loyal Customers
15400,92,8,1302.3,3,4,4,344,Loyal Customers
16777,80,5,1292.18,3,4,4,344,Loyal Customers
16370,82,4,1285.21,3,4,4,344,Loyal Customers
15774,69,6,1281.29,3,4,4,344,Loyal Customers
13515,73,6,1265.82,3,4,4,344,Loyal Customers
15579,69,5,1250.63,3,4,4,344,Loyal Customers
16292,122,5,1236.36,3,4,4,344,Loyal Customers
16723,91,4,1231.3600000000001,3,4,4,344,Loyal Customers
16872,77,6,1213.13,3,4,4,344,Loyal Customers
13787,76,6,1207.2,3,4,4,344,Loyal Customers
15800,107,7,1207.17,3,4,4,344,Loyal Customers
17341,157,5,1205.56,3,4,4,344,Loyal Customers
15181,66,5,1200.2,3,4,4,344,Loyal Customers
15651,37,5,1197.8600000000001,4,4,3,443,Loyal Customers
14201,60,10,1193.54,3,5,3,353,Loyal Customers
14446,1,5,1192.93,5,4,3,543,Loyal Customers
17653,37,4,1192.56,4,4,3,443,Loyal Customers
13882,3,5,1191.13,5,4,3,543,Loyal Customers
17800,37,9,1186.21,4,5,3,453,Loyal Customers
17360,17,6,1185.01,5,4,3,543,Loyal Customers
16693,69,5,1179.48,3,4,3,343,Loyal Customers
17796,40,7,1176.99,4,4,3,443,Loyal Customers
15737,15,8,1173.1200000000001,5,4,3,543,Loyal Customers
17373,40,7,1167.5,4,4,3,443,Loyal Customers
18277,58,5,1166.75,4,4,3,443,Loyal Customers
17950,72,7,1166.29,3,4,3,343,Loyal Customers
17664,19,4,1166.23,5,4,3,543,Loyal Customers
17828,23,4,1165.09,4,4,3,443,Loyal Customers
13499,18,5,1159.1100000000001,5,4,3,543,Loyal Customers
16184,64,6,1158.79,3,4,3,343,Loyal Customers
16637,32,4,1154.47,4,4,3,443,Loyal Customers
18181,24,5,1153.99,4,4,3,443,Loyal Customers
14818,74,6,1153.56,3,4,3,343,Loyal Customers
14585,50,5,1143.27,4,4,3,443,Loyal Customers
13856,169,11,1142.03,3,5,3,353,Loyal Customers
15038,59,9,1136.38,3,5,3,353,Loyal Customers
16989,7,6,1133.25,5,4,3,543,Loyal Customers
18125,30,4,1131.75,4,4,3,443,Loyal Customers
15573,32,5,1129.62,4,4,3,443,Loyal Customers
13145,40,7,1128.52,4,4,3,443,Loyal Customers
14450,181,7,1128.44,3,4,3,343,Loyal Customers
15969,3,5,1127.05,5,4,3,543,Loyal Customers
17562,14,7,1122.38,5,4,3,543,Loyal Customers
15022,12,5,1122.19,5,4,3,543,Loyal Customers
17097,2,9,1121.93,5,5,3,553,Loyal Customers
13589,15,6,1120.74,5,4,3,543,Loyal Customers
17302,15,5,1120.33,5,4,3,543,Loyal Customers
16955,185,6,1120.31,3,4,3,343,Loyal Customers
17007,51,7,1120.1000000000001,4,4,3,443,Loyal Customers
16354,63,5,1119.46,3,4,3,343,Loyal Customers
16139,19,5,1111.15,5,4,3,543,Loyal Customers
14102,5,5,1105.8799999999999,5,4,3,543,Loyal Customers
16430,57,6,1102.94,4,4,3,443,Loyal Customers
16895,65,5,1102.9,3,4,3,343,Loyal Customers
13509,9,7,1099.72,5,4,3,543,Loyal Customers
17984,145,5,1096.29,3,4,3,343,Loyal Customers
13835,25,7,1095.27,4,4,3,443,Loyal Customers
17703,35,4,1094.84,4,4,3,443,Loyal Customers
14460,110,9,1093.5,3,5,3,353,Loyal Customers
17201,54,4,1091.85,4,4,3,443,Loyal Customers
16188,45,5,1087.66,4,4,3,443,Loyal Customers
13167,19,5,1087.65,4,4,3,443,Loyal Customers
14948,23,6,1086.67,4,4,3,443,Loyal Customers
16298,23,7,1085.7,4,4,3,443,Loyal Customers
14013,110,5,1084.57,3,4,3,343,Loyal Customers
14805,15,7,1082.55,5,4,3,543,Loyal Customers
15574,178,6,1079.59,3,4,3,343,Loyal Customers
16183,67,4,1077.81,3,4,3,343,Loyal Customers
16805,174,4,1076.34,3,4,3,343,Loyal Customers
13546,12,5,1074.64,5,4,3,543,Loyal Customers
13727,29,8,1074.15,4,4,3,443,Loyal Customers
14080,33,5,1072.33,4,4,3,443,Loyal Customers
16593,51,8,1071.14,4,5,3,453,Loyal Customers
16014,38,5,1070.78,4,4,3,443,Loyal Customers
14083,4,11,1066.89,5,5,3,553,Loyal Customers
17522,2,5,1066.15,5,4,3,543,Loyal Customers
13959,79,6,1064.77,3,4,3,343,Loyal Customers
14966,15,6,1064.26,5,4,3,543,Loyal Customers
15912,178,9,1059.4,3,5,3,353,Loyal Customers
16071,45,4,1059.4,4,4,3,443,Loyal Customers
17854,185,6,1059.2,3,4,3,343,Loyal Customers
17214,60,6,1059.1200000000001,3,4,3,343,Loyal Customers
13140,108,5,1054.92,3,4,3,343,Loyal Customers
15886,60,4,1052.8700000000001,3,4,3,343,Loyal Customers
15855,137,6,1052.72,3,4,3,343,Loyal Customers
12691,28,6,1044.4,4,4,3,443,Loyal Customers
15026,80,5,1044.09,3,4,3,343,Loyal Customers
17926,133,5,1035.49,3,4,3,343,Loyal Customers
14947,72,6,1034.79,3,4,3,343,Loyal Customers
16728,46,4,1033.84,4,4,3,443,Loyal Customers
16884,38,4,1028.67,4,4,3,443,Loyal Customers
16682,5,5,1028.0,5,4,3,543,Loyal Customers
17042,3,5,1020.58,5,4,3,543,Loyal Customers
13873,120,8,1019.12,3,4,3,343,Loyal Customers
12828,3,6,1018.71,5,4,3,543,Loyal Customers
16418,45,5,1013.44,4,4,3,443,Loyal Customers
17980,166,4,1012.72,3,4,3,343,Loyal Customers
13258,12,5,1009.43,5,4,3,543,Loyal Customers
16287,170,5,1006.98,3,4,3,343,Loyal Customers
15850,19,6,1006.75,5,4,3,543,Loyal Customers
13238,17,6,1006.63,5,4,3,543,Loyal Customers
13427,19,6,1006.53,4,4,3,443,Loyal Customers
13549,26,8,1005.8000000000001,4,4,3,443,Loyal Customers
14214,31,5,1004.38,4,4,3,443,Loyal Customers
17329,14,5,998.53,5,4,3,543,Loyal Customers
15535,173,6,996.22,3,4,3,343,Loyal Customers
13292,39,5,994.51,4,4,3,443,Loyal Customers
17237,11,4,994.13,5,4,3,543,Loyal Customers
13956,5,5,993.77,5,4,3,543,Loyal Customers
17883,3,7,987.25,5,4,3,543,Loyal Customers
18237,3,5,987.1,5,4,3,543,Loyal Customers
17555,20,5,984.09,4,4,3,443,Loyal Customers
17299,12,6,983.03,5,4,3,543,Loyal Customers
17631,2,7,978.69,5,4,3,543,Loyal Customers
15132,18,5,977.9300000000001,5,4,3,543,Loyal Customers
17221,7,5,976.62,5,4,3,543,Loyal Customers
16009,22,4,972.11,4,4,3,443,Loyal Customers
18006,23,4,969.51,4,4,3,443,Loyal Customers
17987,185,5,965.4399999999999,3,4,3,343,Loyal Customers
15028,8,6,962.9399999999999,5,4,3,543,Loyal Customers
17080,22,7,957.53,4,4,3,443,Loyal Customers
12464,10,8,957.05,5,4,3,543,Loyal Customers
12990,31,7,955.5,4,4,3,443,Loyal Customers
15835,44,4,954.09,4,4,3,443,Loyal Customers
17420,50,6,953.58,4,4,3,443,Loyal Customers
15208,1,6,950.12,5,4,3,543,Loyal Customers
16136,60,4,946.8000000000001,3,4,3,343,Loyal Customers
16146,157,4,946.38,3,4,3,343,Loyal Customers
14157,20,5,944.99,4,4,3,443,Loyal Customers
16518,61,4,944.37,3,4,3,343,Loyal Customers
16203,59,6,943.84,4,4,3,443,Loyal Customers
14958,147,6,941.99,3,4,3,343,Loyal Customers
17081,25,6,939.44,4,4,3,443,Loyal Customers
17527,54,4,939.37,4,4,3,443,Loyal Customers
17298,101,5,938.36,3,4,3,343,Loyal Customers
18154,3,5,932.6,5,4,3,543,Loyal Customers
13636,37,5,931.72,4,4,3,443,Loyal Customers
12728,71,5,926.17,3,4,3,343,Loyal Customers
18001,12,6,924.14,5,4,3,543,Loyal Customers
16362,32,6,922.16,4,4,3,443,Loyal Customers
14342,21,6,918.44,4,4,3,443,Loyal Customers
17189,106,5,916.98,3,4,3,343,Loyal Customers
16861,60,5,915.99,3,4,3,343,Loyal Customers
17516,15,6,914.1,5,4,3,543,Loyal Customers
14289,9,6,911.26,5,4,3,543,Loyal Customers
16261,17,6,909.28,5,4,3,543,Loyal Customers
13466,184,5,906.25,3,4,3,343,Loyal Customers
13573,50,6,900.22,4,4,3,443,Loyal Customers
17812,13,7,896.69,5,4,3,543,Loyal Customers
16122,73,6,895.62,3,4,3,343,Loyal Customers
17155,18,7,892.46,5,4,3,543,Loyal Customers
15393,16,5,891.34,5,4,3,543,Loyal Customers
16361,10,4,891.21,5,4,3,543,Loyal Customers
16441,67,5,890.78,3,4,3,343,Loyal Customers
17382,65,8,887.28,3,5,3,353,Loyal Customers
16442,2,5,886.88,5,4,3,543,Loyal Customers
15511,12,5,885.68,5,4,3,543,Loyal Customers
16385,60,5,881.35,3,4,3,343,Loyal Customers
14551,18,7,878.09,5,4,3,543,Loyal Customers
16898,26,5,877.51,4,4,3,443,Loyal Customers
14681,71,6,875.1500000000001,3,4,3,343,Loyal Customers
16784,20,5,874.9300000000001,4,4,3,443,Loyal Customers
16513,5,4,874.59,5,4,3,543,Loyal Customers
16948,139,7,868.77,3,4,3,343,Loyal Customers
16357,33,4,868.37,4,4,3,443,Loyal Customers
17361,49,5,866.75,4,4,3,443,Loyal Customers
16916,24,4,865.52,4,4,3,443,Loyal Customers
16657,10,4,862.83,5,4,3,543,Loyal Customers
16668,15,13,862.42,5,5,3,553,Loyal Customers
17864,13,5,861.27,5,4,3,543,Loyal Customers
13991,12,6,851.88,5,4,3,543,Loyal Customers
13487,58,5,846.87,4,4,3,443,Loyal Customers
15870,33,4,845.66,4,4,3,443,Loyal Customers
16500,5,9,843.9100000000001,5,5,3,553,Loyal Customers
16344,158,4,842.42,3,4,3,343,Loyal Customers
12891,186,11,840.5,3,5,3,353,Loyal Customers
14037,176,6,836.95,3,4,3,343,Loyal Customers
17045,113,5,827.6800000000001,3,4,3,343,Loyal Customers
16877,12,6,826.82,5,4,3,543,Loyal Customers
15847,38,5,822.57,4,4,3,443,Loyal Customers
12421,16,6,822.4,5,4,3,543,Loyal Customers
15287,22,5,821.23,4,4,3,443,Loyal Customers
18217,29,4,820.84,4,4,3,443,Loyal Customers
14508,22,5,814.52,4,4,3,443,Loyal Customers
14624,57,6,814.07,4,4,3,443,Loyal Customers
17869,107,7,813.64,3,4,3,343,Loyal Customers
16621,52,4,813.48,4,4,3,443,Loyal Customers
16469,24,5,803.9,4,4,3,443,Loyal Customers
15483,161,10,803.03,3,5,3,353,Loyal Customers
17114,6,8,798.0,5,5,3,553,Loyal Customers
15637,53,5,797.59,4,4,3,443,Loyal Customers
15304,61,9,796.4,3,5,3,353,Loyal Customers
13296,137,6,792.51,3,4,3,343,Loyal Customers
16438,6,5,791.7,5,4,3,543,Loyal Customers
14513,101,6,788.01,3,4,3,343,Loyal Customers
13323,3,5,787.85,5,4,3,543,Loyal Customers
16869,23,4,787.42,4,4,3,443,Loyal Customers
14656,169,5,787.1,3,4,3,343,Loyal Customers
13544,40,6,785.1,4,4,3,443,Loyal Customers
15646,158,5,784.8100000000001,3,4,3,343,Loyal Customers
15714,12,5,783.96,5,4,3,543,Loyal Customers
16836,40,4,782.37,4,4,3,443,Loyal Customers
15952,34,4,781.91,4,4,3,443,Loyal Customers
17255,41,4,781.7,4,4,3,443,Loyal Customers
13502,17,5,780.5,5,4,3,543,Loyal Customers
17817,4,6,775.4,5,4,3,543,Loyal Customers
18112,12,4,773.36,5,4,3,543,Loyal Customers
17349,179,5,772.41,3,4,3,343,Loyal Customers
13980,60,5,768.8199999999999,3,4,3,343,Loyal Customers
16952,109,5,767.78,3,4,3,343,Loyal Customers
15921,173,4,765.61,3,4,3,343,Loyal Customers
15900,24,4,764.17,4,4,3,443,Loyal Customers
14976,57,6,758.36,4,4,3,443,Loyal Customers
16892,1,7,754.75,5,4,3,543,Loyal Customers
12808,37,5,748.7,4,4,3,443,Loyal Customers
14883,19,6,744.1899999999999,5,4,3,543,Loyal Customers
16411,19,4,741.09,5,4,3,543,Loyal Customers
14104,155,5,740.53,3,4,3,343,Loyal Customers
17579,5,4,740.53,5,4,3,543,Loyal Customers
17760,22,6,738.89,4,4,3,443,Loyal Customers
15938,112,9,734.8100000000001,3,5,3,353,Loyal Customers
17616,174,4,734.4,3,4,3,343,Loyal Customers
13575,23,5,732.07,4,4,3,443,Loyal Customers
17979,36,4,729.01,4,4,3,443,Loyal Customers
14798,53,8,724.31,4,4,3,443,Loyal Customers
12527,82,5,717.51,3,4,3,343,Loyal Customers
17615,130,6,711.85,3,4,3,343,Loyal Customers
16806,103,4,705.61,3,4,3,343,Loyal Customers
15872,15,4,705.1,5,4,3,543,Loyal Customers
17561,19,4,703.02,5,4,3,543,Loyal Customers
13598,47,5,700.76,4,4,3,443,Loyal Customers
17163,22,4,699.78,4,4,3,443,Loyal Customers
13242,112,7,699.4,3,4,3,343,Loyal Customers
16018,39,4,698.13,4,4,3,443,Loyal Customers
17502,9,4,689.1,5,4,3,543,Loyal Customers
18017,81,4,688.0,3,4,3,343,Loyal Customers
16885,15,4,683.35,5,4,3,543,Loyal Customers
17709,170,5,671.01,3,4,3,343,Loyal Customers
15901,17,6,667.89,5,4,3,543,Loyal Customers
17962,142,4,665.91,3,4,3,343,Loyal Customers
16696,135,4,657.9,3,4,3,343,Loyal Customers
17852,12,5,657.8100000000001,5,4,3,543,Loyal Customers
17523,11,4,652.74,5,4,3,543,Loyal Customers
17935,138,7,652.64,3,4,3,343,Loyal Customers
17572,71,10,652.21,3,5,3,353,Loyal Customers
17874,185,6,637.5600000000001,3,4,3,343,Loyal Customers
13524,41,5,628.38,4,4,3,443,Loyal Customers
16750,45,5,623.93,4,4,3,443,Loyal Customers
17430,33,4,622.57,4,4,3,443,Loyal Customers
16330,18,7,622.48,5,4,3,543,Loyal Customers
18101,11,5,622.01,5,4,3,543,Loyal Customers
15016,173,5,620.89,3,4,3,343,Loyal Customers
14077,41,6,615.08,4,4,3,443,Loyal Customers
16566,15,5,614.66,5,4,3,543,Loyal Customers
17371,17,6,613.87,5,4,3,543,Loyal Customers
16589,71,4,612.36,3,4,3,343,Loyal Customers
16321,72,7,604.5500000000001,3,4,3,343,Loyal Customers
16080,82,4,602.5600000000001,3,4,3,343,Loyal Customers
12450,156,5,600.6,3,4,3,343,Loyal Customers
18211,26,5,600.07,4,4,3,443,Loyal Customers
17707,185,8,596.7,3,5,3,353,Loyal Customers
16412,54,5,593.19,4,4,2,442,Loyal Customers
17483,65,4,591.73,3,4,2,342,Loyal Customers
14173,11,6,586.0,5,4,2,542,Loyal Customers
12723,4,5,584.67,5,4,2,542,Loyal Customers
16445,34,4,577.36,4,4,2,442,Loyal Customers
17557,14,4,575.46,5,4,2,542,Loyal Customers
18232,82,4,573.1700000000001,3,4,2,342,Loyal Customers
15198,92,5,571.35,3,4,2,342,Loyal Customers
17122,119,4,570.5,3,4,2,342,Loyal Customers
15920,154,8,557.59,3,4,2,342,Loyal Customers
18127,19,4,556.13,5,4,2,542,Loyal Customers
16414,22,5,551.21,4,4,2,442,Loyal Customers
16475,88,4,544.3,3,4,2,342,Loyal Customers
16647,170,4,541.9,3,4,2,342,Loyal Customers
12654,11,5,529.98,5,4,2,542,Loyal Customers
13277,16,7,523.3,5,4,2,542,Loyal Customers
17765,159,4,504.05,3,4,2,342,Loyal Customers
17266,2,5,501.72,5,4,2,542,Loyal Customers
17256,107,5,498.93,3,4,2,342,Loyal Customers
18203,157,4,482.52,3,4,2,342,Loyal Customers
17608,33,4,481.71,4,4,2,442,Loyal Customers
17988,12,13,476.49,5,5,2,552,Loyal Customers
16473,165,4,470.83,3,4,2,342,Loyal Customers
15958,74,4,462.12,3,4,2,342,Loyal Customers
16596,16,4,458.98,5,4,2,542,Loyal Customers
17376,71,4,453.64,3,4,2,342,Loyal Customers
17370,73,4,446.18,3,4,2,342,Loyal Customers
17330,23,4,423.8,4,4,2,442,Loyal Customers
16519,25,4,421.66,4,4,2,442,Loyal Customers
13079,4,6,419.18,5,4,2,542,Loyal Customers
16832,184,5,417.61,3,4,2,342,Loyal Customers
16816,103,4,417.06,3,4,2,342,Loyal Customers
15488,93,5,416.92,3,4,2,342,Loyal Customers
16998,150,5,402.0,3,4,2,342,Loyal Customers
15577,151,5,396.03,3,4,2,342,Loyal Customers
17771,57,4,386.93,4,4,2,442,Loyal Customers
18273,2,4,357.0,5,4,2,542,Loyal Customers
15863,26,5,355.1,4,4,2,442,Loyal Customers
16690,72,4,353.03000000000003,3,4,2,342,Loyal Customers
17440,157,4,323.58,3,4,2,342,Loyal Customers
16342,75,4,322.41,3,4,2,342,Loyal Customers
18018,108,4,295.09,3,4,2,342,Loyal Customers
17898,85,4,268.58,3,4,1,341,Loyal Customers
16112,143,4,175.34,3,4,1,341,Loyal Customers
18037,154,15,162.47,3,5,1,351,Loyal Customers
13666,60,5,111.75,3,4,1,341,Loyal Customers
17816,37,6,96.11,4,4,1,441,Loyal Customers
15749,235,3,44534.3,2,3,5,235,Needs Attention
15098,182,3,39916.5,3,3,5,335,Needs Attention
13687,438,1,11880.84,1,1,5,115,Needs Attention
18052,565,1,10877.18,1,2,5,125,Needs Attention
14028,550,3,10396.5,1,3,5,135,Needs Attention
14091,654,2,9301.12,1,2,5,125,Needs Attention
12590,211,1,9139.66,2,1,5,215,Needs Attention
13734,509,4,6695.6900000000005,1,3,5,135,Needs Attention
13935,597,3,5935.12,1,3,5,135,Needs Attention
12497,82,3,5920.18,3,3,5,335,Needs Attention
12378,130,2,5366.22,3,2,5,325,Needs Attention
14459,155,2,5340.041,3,2,5,325,Needs Attention
13763,63,3,5127.44,3,3,5,335,Needs Attention
12688,114,1,4854.01,3,1,5,315,Needs Attention
12625,212,4,4678.88,2,3,5,235,Needs Attention
13124,90,4,4641.66,3,3,5,335,Needs Attention
17308,393,2,4511.76,2,3,5,235,Needs Attention
16118,653,1,4376.25,1,1,5,115,Needs Attention
12752,81,1,4366.78,3,1,5,315,Needs Attention
12536,59,1,4249.11,3,1,5,315,Needs Attention
12653,149,3,4160.83,3,3,5,335,Needs Attention
16749,591,2,4157.88,1,2,5,125,Needs Attention
14566,111,4,4092.0,3,3,5,335,Needs Attention
15823,729,2,3775.37,1,2,5,125,Needs Attention
16772,423,3,3682.75,1,3,5,135,Needs Attention
13505,73,4,3623.43,3,3,5,335,Needs Attention
16281,72,3,3424.02,3,3,5,335,Needs Attention
17876,400,3,3424.02,2,3,5,235,Needs Attention
15480,116,3,3372.81,3,3,5,335,Needs Attention
13135,197,2,3371.45,2,2,5,225,Needs Attention
12371,60,4,3347.38,3,3,5,335,Needs Attention
12424,163,4,3340.0299999999997,3,3,5,335,Needs Attention
15265,151,4,3325.84,3,3,5,335,Needs Attention
15978,77,3,3279.42,3,3,5,335,Needs Attention
12770,211,2,3246.45,2,2,5,225,Needs Attention
16067,563,3,3218.11,1,3,5,135,Needs Attention
12377,315,4,3082.7200000000003,2,3,5,235,Needs Attention
12469,523,2,3027.19,1,2,5,125,Needs Attention
12511,429,1,3018.92,1,1,5,115,Needs Attention
12754,236,3,3010.74,2,3,5,235,Needs Attention
13635,68,4,2999.16,3,3,5,335,Needs Attention
12967,358,3,2938.52,2,3,5,235,Needs Attention
15614,438,4,2906.16,1,3,5,135,Needs Attention
13253,157,4,2880.0099999999998,3,3,5,335,Needs Attention
13501,288,3,2870.11,2,3,5,235,Needs Attention
14935,297,2,2849.83,2,2,5,225,Needs Attention
14875,108,3,2842.6,3,3,4,334,Needs Attention
13205,443,1,2803.2,1,1,4,114,Needs Attention
15817,421,3,2662.0,1,3,4,134,Needs Attention
16276,177,3,2629.3900000000003,3,3,4,334,Needs Attention
12671,606,1,2622.481,1,1,4,114,Needs Attention
14431,303,4,2614.2,2,3,4,234,Needs Attention
13422,64,1,2606.5,3,1,4,314,Needs Attention
14564,435,2,2605.62,1,2,4,124,Needs Attention
12806,572,2,2558.96,1,2,4,124,Needs Attention
12635,90,4,2553.25,3,3,4,334,Needs Attention
13344,68,3,2511.69,3,3,4,334,Needs Attention
13151,296,3,2454.71,2,3,4,234,Needs Attention
15077,495,2,2428.08,1,2,4,124,Needs Attention
12739,99,2,2421.23,3,2,4,324,Needs Attention
15341,81,2,2402.72,3,2,4,324,Needs Attention
12733,234,4,2362.82,2,3,4,234,Needs Attention
14938,562,2,2322.43,1,2,4,124,Needs Attention
17444,152,2,2322.4,3,3,4,334,Needs Attention
13055,78,4,2321.11,3,3,4,334,Needs Attention
16077,626,1,2300.4,1,1,4,114,Needs Attention
13338,158,4,2297.77,3,3,4,334,Needs Attention
12516,78,4,2288.62,3,3,4,334,Needs Attention
13371,505,2,2282.36,1,2,4,124,Needs Attention
13407,579,3,2244.7,1,3,4,134,Needs Attention
15734,115,4,2243.5,3,3,4,334,Needs Attention
15629,450,4,2240.9,1,3,4,134,Needs Attention
15946,503,3,2228.58,1,3,4,134,Needs Attention
13814,92,3,2217.72,3,3,4,334,Needs Attention
15934,418,2,2190.66,1,2,4,124,Needs Attention
14212,90,2,2190.14,3,2,4,324,Needs Attention
13224,60,2,2152.95,3,2,4,324,Needs Attention
16275,197,3,2151.11,2,3,4,234,Needs Attention
16716,267,3,2149.6800000000003,2,3,4,234,Needs Attention
15476,380,4,2140.38,2,3,4,234,Needs Attention
17305,649,1,2135.46,1,2,4,124,Needs Attention
14634,438,4,2124.46,1,3,4,134,Needs Attention
13908,80,4,2114.62,3,3,4,334,Needs Attention
13753,288,4,2094.57,2,3,4,234,Needs Attention
14469,416,4,2093.46,1,3,4,134,Needs Attention
15151,423,2,2085.61,1,2,4,124,Needs Attention
13517,60,3,2081.62,3,3,4,334,Needs Attention
18026,501,2,2074.07,1,3,4,134,Needs Attention
15221,366,4,2062.2,2,3,4,234,Needs Attention
16795,365,3,2058.66,2,3,4,234,Needs Attention
12873,282,3,2027.3,2,3,4,234,Needs Attention
13696,422,3,2020.4,1,3,4,134,Needs Attention
15384,170,4,2012.49,3,3,4,334,Needs Attention
12418,113,4,2005.9,3,3,4,334,Needs Attention
12501,337,1,2005.5900000000001,2,1,4,214,Needs Attention
16698,227,2,1998.0,2,2,4,224,Needs Attention
15481,401,1,1993.34,2,1,4,214,Needs Attention
14301,117,4,1992.18,3,3,4,334,Needs Attention
18204,71,3,1972.45,3,3,4,334,Needs Attention
17039,604,1,1954.99,1,2,4,124,Needs Attention
14225,435,4,1954.75,1,3,4,134,Needs Attention
16993,464,2,1950.95,1,3,4,134,Needs Attention
14014,77,3,1948.21,3,3,4,334,Needs Attention
12842,70,4,1917.99,3,3,4,334,Needs Attention
15425,400,4,1911.32,2,3,4,234,Needs Attention
12644,130,4,1900.49,3,3,4,334,Needs Attention
15248,411,3,1893.93,1,3,4,134,Needs Attention
12725,371,3,1891.46,2,3,4,234,Needs Attention
14887,79,1,1862.0,3,1,4,314,Needs Attention
14130,319,4,1858.77,2,3,4,234,Needs Attention
14305,71,3,1843.96,3,3,4,334,Needs Attention
17919,88,2,1840.3200000000002,3,3,4,334,Needs Attention
12687,481,1,1824.1100000000001,1,1,4,114,Needs Attention
12585,234,2,1824.1,2,2,4,224,Needs Attention
16917,277,2,1817.48,2,3,4,234,Needs Attention
18235,72,3,1796.48,3,3,4,334,Needs Attention
13375,89,2,1792.23,3,2,4,324,Needs Attention
12582,239,4,1788.0,2,3,4,234,Needs Attention
13920,432,4,1774.68,1,3,4,134,Needs Attention
14933,444,4,1770.0,1,3,4,134,Needs Attention
16380,61,1,1743.1499999999999,3,1,4,314,Needs Attention
12425,78,2,1741.41,3,2,4,324,Needs Attention
14400,149,3,1732.47,3,3,4,334,Needs Attention
14304,223,3,1725.01,2,3,4,234,Needs Attention
12592,92,4,1723.64,3,3,4,334,Needs Attention
15736,435,2,1720.92,1,2,4,124,Needs Attention
13665,386,3,1711.66,2,3,4,234,Needs Attention
16398,154,2,1705.8,3,2,4,324,Needs Attention
17694,142,3,1695.97,3,3,4,334,Needs Attention
16902,116,1,1694.98,3,2,4,324,Needs Attention
14245,220,2,1693.45,2,2,4,224,Needs Attention
12764,317,1,1681.28,2,1,4,214,Needs Attention
13800,310,3,1679.56,2,3,4,234,Needs Attention
13587,64,4,1673.5,3,3,4,334,Needs Attention
13294,190,3,1669.13,2,3,4,234,Needs Attention
15947,83,1,1668.64,3,1,4,314,Needs Attention
12870,375,3,1665.15,2,3,4,234,Needs Attention
12694,70,3,1663.35,3,3,4,334,Needs Attention
15649,336,4,1660.35,2,3,4,234,Needs Attention
16152,269,1,1651.92,2,1,4,214,Needs Attention
14420,99,4,1639.17,3,3,4,334,Needs Attention
13154,399,3,1624.84,2,3,4,234,Needs Attention
12813,502,3,1621.8,1,3,4,134,Needs Attention
15310,479,1,1617.24,1,1,4,114,Needs Attention
14831,680,3,1611.77,1,3,4,134,Needs Attention
16860,453,3,1610.62,1,3,4,134,Needs Attention
17814,375,2,1609.37,2,3,4,234,Needs Attention
14920,213,3,1607.17,2,3,4,234,Needs Attention
12385,379,1,1603.6,2,1,4,214,Needs Attention
14885,132,3,1598.12,3,3,4,334,Needs Attention
13850,129,1,1595.48,3,1,4,314,Needs Attention
17028,581,3,1593.83,1,3,4,134,Needs Attention
17853,407,3,1581.29,2,3,4,234,Needs Attention
14164,71,2,1579.57,3,2,4,324,Needs Attention
12607,60,1,1579.51,3,1,4,314,Needs Attention
16256,267,3,1579.37,2,3,4,234,Needs Attention
14489,207,4,1574.93,2,3,4,234,Needs Attention
13156,385,3,1573.94,2,3,4,234,Needs Attention
12911,552,1,1571.27,1,1,4,114,Needs Attention
15466,85,4,1559.21,3,3,4,334,Needs Attention
17649,138,3,1559.09,3,3,4,334,Needs Attention
13783,488,4,1542.09,1,3,4,134,Needs Attention
13337,546,1,1540.16,1,1,4,114,Needs Attention
16461,178,3,1532.33,3,3,4,334,Needs Attention
14055,106,3,1520.96,3,3,4,334,Needs Attention
15798,493,3,1520.37,1,3,4,134,Needs Attention
14695,519,3,1516.82,1,3,4,134,Needs Attention
13791,128,2,1516.0,3,2,4,324,Needs Attention
14220,247,4,1515.0,2,3,4,234,Needs Attention
12369,413,3,1511.15,1,3,4,134,Needs Attention
12507,134,4,1508.06,3,3,4,334,Needs Attention
16450,150,3,1505.73,3,3,4,334,Needs Attention
14068,320,4,1505.1200000000001,2,3,4,234,Needs Attention
15149,134,4,1504.81,3,3,4,334,Needs Attention
13360,432,4,1503.65,1,3,4,134,Needs Attention
12458,71,4,1502.49,3,3,4,334,Needs Attention
14894,85,3,1492.81,3,3,4,334,Needs Attention
16340,107,3,1490.44,3,3,4,334,Needs Attention
15261,135,4,1490.15,3,3,4,334,Needs Attention
12926,411,4,1488.34,1,3,4,134,Needs Attention
16244,212,2,1487.65,2,2,4,224,Needs Attention
14267,163,3,1476.6399999999999,3,3,4,334,Needs Attention
15074,105,3,1476.63,3,3,4,334,Needs Attention
12514,267,2,1476.26,2,2,4,224,Needs Attention
16314,390,3,1476.1,2,3,4,234,Needs Attention
16586,249,3,1462.78,2,3,4,234,Needs Attention
14246,111,3,1458.76,3,3,4,334,Needs Attention
15071,94,4,1455.5600000000002,3,3,4,334,Needs Attention
16714,317,3,1451.73,2,3,4,234,Needs Attention
13361,472,2,1450.5,1,2,4,124,Needs Attention
15076,173,3,1447.74,3,3,4,334,Needs Attention
15636,90,4,1444.58,3,3,4,334,Needs Attention
18066,75,3,1440.4,3,3,4,334,Needs Attention
13543,634,2,1439.61,1,2,4,124,Needs Attention
16088,576,2,1437.43,1,2,4,124,Needs Attention
16140,66,3,1433.46,3,3,4,334,Needs Attention
12389,403,3,1433.33,2,3,4,234,Needs Attention
13042,598,3,1427.39,1,3,4,134,Needs Attention
13377,397,2,1418.08,2,2,4,224,Needs Attention
16854,417,2,1408.96,1,3,4,134,Needs Attention
13049,64,4,1408.24,3,3,4,334,Needs Attention
14909,437,3,1404.68,1,3,4,134,Needs Attention
12379,82,4,1404.52,3,3,4,334,Needs Attention
14687,107,3,1402.06,3,3,4,334,Needs Attention
13583,156,2,1401.371,3,2,4,324,Needs Attention
18202,200,3,1396.99,2,3,4,234,Needs Attention
13475,191,4,1396.98,2,3,4,234,Needs Attention
16129,407,3,1396.05,2,3,4,234,Needs Attention
15799,76,4,1394.62,3,3,4,334,Needs Attention
15322,86,2,1390.86,3,2,4,324,Needs Attention
18189,78,3,1388.73,3,3,4,334,Needs Attention
13572,206,1,1384.25,2,1,4,214,Needs Attention
12886,68,2,1378.4,3,2,4,324,Needs Attention
16980,255,3,1376.43,2,3,4,234,Needs Attention
14265,109,4,1364.65,3,3,4,334,Needs Attention
13035,74,3,1364.2,3,3,4,334,Needs Attention
12405,149,1,1360.63,3,1,4,314,Needs Attention
16300,430,3,1359.02,1,3,4,134,Needs Attention
14847,149,3,1348.95,3,3,4,334,Needs Attention
13639,74,2,1346.27,3,2,4,324,Needs Attention
12809,178,3,1344.74,3,3,4,334,Needs Attention
15154,75,3,1343.72,3,3,4,334,Needs Attention
17499,290,2,1341.3899999999999,2,3,4,234,Needs Attention
13074,511,4,1339.14,1,3,4,134,Needs Attention
13803,255,3,1338.91,2,3,4,234,Needs Attention
14899,395,1,1331.38,2,1,4,214,Needs Attention
14956,421,1,1325.0,1,1,4,114,Needs Attention
12960,414,4,1322.0700000000002,1,3,4,134,Needs Attention
12669,151,2,1316.97,3,2,4,324,Needs Attention
14973,107,3,1314.45,3,3,4,334,Needs Attention
16377,267,2,1308.48,2,2,4,224,Needs Attention
15146,165,2,1307.36,3,2,4,324,Needs Attention
15813,208,2,1303.9099999999999,2,2,4,224,Needs Attention
16574,71,3,1301.78,3,3,4,334,Needs Attention
14619,246,2,1291.24,2,2,4,224,Needs Attention
13855,501,4,1290.54,1,3,4,134,Needs Attention
15171,331,1,1289.5,2,1,4,214,Needs Attention
14679,382,3,1289.44,2,3,4,234,Needs Attention
16894,502,3,1287.86,1,3,4,134,Needs Attention
16608,454,2,1286.6200000000001,1,2,4,124,Needs Attention
16951,135,3,1277.75,3,3,4,334,Needs Attention
14478,382,4,1276.66,2,3,4,234,Needs Attention
14490,406,2,1273.47,2,2,4,224,Needs Attention
17478,408,2,1272.8000000000002,2,3,4,234,Needs Attention
16222,318,2,1272.05,2,2,4,224,Needs Attention
13492,136,3,1269.84,3,3,4,334,Needs Attention
15876,409,2,1269.14,1,2,4,124,Needs Attention
17531,190,3,1266.82,2,3,4,234,Needs Attention
13300,169,3,1265.71,3,3,4,334,Needs Attention
16842,101,3,1264.19,3,3,4,334,Needs Attention
13916,464,4,1260.51,1,3,4,134,Needs Attention
13689,63,2,1259.5,3,2,4,324,Needs Attention
15441,396,3,1254.21,2,3,4,234,Needs Attention
13919,59,4,1252.68,3,3,4,334,Needs Attention
13023,64,3,1251.03,3,3,4,334,Needs Attention
12666,394,1,1248.42,2,1,4,214,Needs Attention
17037,88,1,1247.52,3,2,4,324,Needs Attention
18286,477,2,1246.43,1,3,4,134,Needs Attention
16282,340,3,1246.38,2,3,4,234,Needs Attention
17529,610,2,1240.25,1,3,4,134,Needs Attention
15439,405,4,1238.45,2,3,4,234,Needs Attention
14231,184,4,1235.6200000000001,3,3,4,334,Needs Attention
13201,502,4,1233.06,1,3,4,134,Needs Attention
16527,81,2,1232.94,3,2,4,324,Needs Attention
13402,127,4,1226.8500000000001,3,3,4,334,Needs Attention
17132,452,2,1220.91,1,3,4,134,Needs Attention
14430,512,3,1220.9,1,3,4,134,Needs Attention
13299,268,3,1218.7,2,3,4,234,Needs Attention
13304,351,4,1217.99,2,3,4,234,Needs Attention
17635,424,3,1213.38,1,3,4,134,Needs Attention
12711,612,2,1213.05,1,2,4,124,Needs Attention
12533,628,2,1211.99,1,2,4,124,Needs Attention
12805,382,4,1211.15,2,3,4,234,Needs Attention
14193,68,3,1210.19,3,3,4,334,Needs Attention
15303,290,3,1208.88,2,3,4,234,Needs Attention
15004,147,1,1208.48,3,1,4,314,Needs Attention
18193,165,3,1207.3500000000001,3,3,4,334,Needs Attention
13863,248,4,1204.3500000000001,2,3,4,234,Needs Attention
12742,626,1,1201.52,1,1,4,114,Needs Attention
15600,428,4,1199.31,1,3,4,134,Needs Attention
15390,396,2,1199.26,2,2,4,224,Needs Attention
12629,386,2,1198.22,2,2,4,224,Needs Attention
12372,72,3,1196.04,3,3,3,333,Needs Attention
14213,405,1,1192.2,2,1,3,213,Needs Attention
15377,383,4,1191.95,2,3,3,233,Needs Attention
16501,383,1,1191.23,2,1,3,213,Needs Attention
13328,316,1,1186.08,2,1,3,213,Needs Attention
13388,131,3,1185.65,3,3,3,333,Needs Attention
14206,239,3,1185.01,2,3,3,233,Needs Attention
12818,262,1,1182.0800000000002,2,1,3,213,Needs Attention
13526,738,2,1182.0,1,2,3,123,Needs Attention
17058,82,3,1179.89,3,3,3,333,Needs Attention
16614,183,3,1179.79,3,3,3,333,Needs Attention
13797,437,3,1179.45,1,3,3,133,Needs Attention
13976,207,4,1177.06,2,3,3,233,Needs Attention
15210,225,3,1176.19,2,3,3,233,Needs Attention
18057,393,3,1168.14,2,3,3,233,Needs Attention
16307,429,3,1164.32,1,3,3,133,Needs Attention
13395,185,3,1162.83,3,3,3,333,Needs Attention
15347,366,4,1162.0,2,3,3,233,Needs Attention
17525,360,3,1161.9,2,3,3,233,Needs Attention
13233,74,4,1161.34,3,3,3,333,Needs Attention
17513,72,3,1158.8,3,3,3,333,Needs Attention
12972,414,4,1156.16,1,3,3,133,Needs Attention
15064,410,4,1154.41,1,3,3,133,Needs Attention
14475,72,4,1151.15,3,3,3,333,Needs Attention
17539,628,3,1146.54,1,3,3,133,Needs Attention
16766,273,2,1145.6,2,2,3,223,Needs Attention
12426,195,2,1145.41,2,2,3,223,Needs Attention
17477,613,2,1144.3,1,3,3,133,Needs Attention
12769,239,1,1143.6,2,1,3,213,Needs Attention
12439,683,2,1142.88,1,2,3,123,Needs Attention
16270,353,1,1141.24,2,1,3,213,Needs Attention
15108,142,3,1139.45,3,3,3,333,Needs Attention
17866,143,3,1134.95,3,3,3,333,Needs Attention
18060,408,2,1134.91,2,3,3,233,Needs Attention
13109,60,3,1134.03,3,3,3,333,Needs Attention
16521,415,3,1132.16,1,3,3,133,Needs Attention
13393,584,4,1131.45,1,3,3,133,Needs Attention
17622,598,2,1130.21,1,3,3,133,Needs Attention
14671,549,2,1127.45,1,2,3,123,Needs Attention
12605,376,3,1124.95,2,3,3,233,Needs Attention
14479,254,4,1124.71,2,3,3,233,Needs Attention
13778,103,4,1124.49,3,3,3,333,Needs Attention
14917,597,2,1123.75,1,2,3,123,Needs Attention
15259,513,4,1121.18,1,3,3,133,Needs Attention
12591,317,3,1114.95,2,3,3,233,Needs Attention
12885,63,3,1114.02,3,3,3,333,Needs Attention
17788,74,2,1112.95,3,3,3,333,Needs Attention
15069,179,1,1109.53,3,1,3,313,Needs Attention
15559,568,1,1109.4,1,1,3,113,Needs Attention
14891,148,4,1106.73,3,3,3,333,Needs Attention
17492,248,3,1105.02,2,3,3,233,Needs Attention
12434,85,3,1103.43,3,3,3,333,Needs Attention
15695,267,4,1100.44,2,3,3,233,Needs Attention
13459,625,2,1099.21,1,2,3,123,Needs Attention
13486,78,3,1094.81,3,3,3,333,Needs Attention
12866,283,3,1092.35,2,3,3,233,Needs Attention
14009,198,3,1092.26,2,3,3,233,Needs Attention
14199,218,4,1091.7,2,3,3,233,Needs Attention
14375,185,3,1091.52,3,3,3,333,Needs Attention
15828,375,1,1091.52,2,1,3,213,Needs Attention
14672,235,4,1088.49,2,3,3,233,Needs Attention
15254,127,3,1088.35,3,3,3,333,Needs Attention
16278,100,3,1087.24,3,3,3,333,Needs Attention
13295,360,4,1086.67,2,3,3,233,Needs Attention
13744,95,2,1080.52,3,2,3,323,Needs Attention
12394,64,2,1080.48,3,2,3,323,Needs Attention
14343,421,4,1079.66,1,3,3,133,Needs Attention
12354,232,1,1079.4,2,1,3,213,Needs Attention
15546,607,2,1079.1000000000001,1,2,3,123,Needs Attention
14352,157,4,1078.96,3,3,3,333,Needs Attention
13656,165,4,1078.85,3,3,3,333,Needs Attention
15586,593,3,1077.9,1,3,3,133,Needs Attention
17366,432,2,1077.24,1,3,3,133,Needs Attention
14561,76,3,1067.46,3,3,3,333,Needs Attention
14488,68,1,1064.28,3,1,3,313,Needs Attention
16223,375,2,1063.8500000000001,2,2,3,223,Needs Attention
14411,311,1,1063.0,2,1,3,213,Needs Attention
17421,386,3,1059.41,2,3,3,233,Needs Attention
13567,428,4,1056.79,1,3,3,133,Needs Attention
14734,426,4,1056.42,1,3,3,133,Needs Attention
12639,239,3,1054.97,2,3,3,233,Needs Attention
16211,89,3,1050.99,3,3,3,333,Needs Attention
13775,591,1,1049.66,1,1,3,113,Needs Attention
15639,134,3,1047.68,3,3,3,333,Needs Attention
17474,600,1,1047.0,1,2,3,123,Needs Attention
15091,68,3,1046.6100000000001,3,3,3,333,Needs Attention
16991,421,1,1041.21,1,2,3,123,Needs Attention
12648,155,4,1039.0,3,3,3,333,Needs Attention
15626,75,3,1037.4,3,3,3,333,Needs Attention
17277,228,2,1034.75,2,3,3,233,Needs Attention
17724,71,3,1033.0,3,3,3,333,Needs Attention
15464,338,1,1032.05,2,1,3,213,Needs Attention
16198,75,2,1030.0410000000002,3,2,3,323,Needs Attention
15706,64,4,1029.8600000000001,3,3,3,333,Needs Attention
15333,208,1,1028.56,2,1,3,213,Needs Attention
17749,178,3,1026.18,3,3,3,333,Needs Attention
16160,65,2,1025.44,3,2,3,323,Needs Attention
13602,65,4,1025.17,3,3,3,333,Needs Attention
17310,387,2,1025.1,2,3,3,233,Needs Attention
12616,95,3,1023.1,3,3,3,333,Needs Attention
12710,97,3,1023.02,3,3,3,333,Needs Attention
12717,151,3,1021.71,3,3,3,333,Needs Attention
13368,257,4,1021.5,2,3,3,233,Needs Attention
16568,428,2,1020.9,1,2,3,123,Needs Attention
18142,157,2,1019.52,3,3,3,333,Needs Attention
18074,374,2,1019.44,2,3,3,233,Needs Attention
12905,577,2,1018.42,1,2,3,123,Needs Attention
12803,393,1,1017.81,2,1,3,213,Needs Attention
13000,107,4,1017.5,3,3,3,333,Needs Attention
15970,304,2,1017.3199999999999,2,2,3,223,Needs Attention
13333,411,3,1015.74,1,3,3,133,Needs Attention
16227,225,3,1012.22,2,3,3,233,Needs Attention
16451,88,3,1010.25,3,3,3,333,Needs Attention
15887,407,3,1008.55,2,3,3,233,Needs Attention
15771,604,3,1006.54,1,3,3,133,Needs Attention
14248,318,3,1002.35,2,3,3,233,Needs Attention
18143,117,2,1000.16,3,3,3,333,Needs Attention
15104,197,2,993.54,2,2,3,223,Needs Attention
13039,584,4,990.9300000000001,1,3,3,133,Needs Attention
16435,512,3,990.47,1,3,3,133,Needs Attention
13559,513,2,990.0,1,2,3,123,Needs Attention
14230,436,3,979.8000000000001,1,3,3,133,Needs Attention
12722,85,4,979.63,3,3,3,333,Needs Attention
17369,456,1,979.2,1,2,3,123,Needs Attention
13439,255,3,976.06,2,3,3,233,Needs Attention
15247,122,3,976.06,3,3,3,333,Needs Attention
13235,212,1,975.27,2,1,3,213,Needs Attention
17958,117,2,973.88,3,3,3,333,Needs Attention
14350,274,3,972.03,2,3,3,233,Needs Attention
12534,131,1,971.22,3,1,3,313,Needs Attention
16572,127,3,970.0,3,3,3,333,Needs Attention
15176,668,1,968.24,1,1,3,113,Needs Attention
15109,246,3,967.8000000000001,2,3,3,233,Needs Attention
16254,378,3,967.44,2,3,3,233,Needs Attention
12862,426,2,967.22,1,2,3,123,Needs Attention
17123,162,3,966.6700000000001,3,3,3,333,Needs Attention
13204,731,1,966.6600000000001,1,1,3,113,Needs Attention
17456,365,2,965.36,2,3,3,233,Needs Attention
15084,380,2,965.1999999999999,2,2,3,223,Needs Attention
16763,199,2,964.6999999999999,2,2,3,223,Needs Attention
12580,247,2,962.9,2,2,3,223,Needs Attention
15268,479,3,961.9000000000001,1,3,3,133,Needs Attention
18192,72,1,957.97,3,2,3,323,Needs Attention
12915,149,4,957.7,3,3,3,333,Needs Attention
17172,79,3,956.5699999999999,3,3,3,333,Needs Attention
15430,468,2,954.75,1,2,3,123,Needs Attention
13005,174,4,951.68,3,3,3,333,Needs Attention
14223,92,3,951.53,3,3,3,333,Needs Attention
12679,59,4,951.02,3,3,3,333,Needs Attention
12767,376,1,949.82,2,1,3,213,Needs Attention
15177,426,1,948.9300000000001,1,1,3,113,Needs Attention
12822,71,2,948.88,3,2,3,323,Needs Attention
12355,214,2,947.61,2,2,3,223,Needs Attention
17544,390,3,944.82,2,3,3,233,Needs Attention
13261,269,2,944.1,2,2,3,223,Needs Attention
13359,64,2,943.3100000000001,3,2,3,323,Needs Attention
13641,641,4,942.37,1,3,3,133,Needs Attention
14326,242,3,940.98,2,3,3,233,Needs Attention
16141,88,2,940.64,3,2,3,323,Needs Attention
13936,180,3,939.6600000000001,3,3,3,333,Needs Attention
17020,542,2,935.62,1,3,3,133,Needs Attention
15792,400,2,933.84,2,2,3,223,Needs Attention
18133,212,1,931.5,2,2,3,223,Needs Attention
12396,674,1,931.4300000000001,1,1,3,113,Needs Attention
13465,446,2,931.12,1,2,3,123,Needs Attention
14924,246,3,931.01,2,3,3,233,Needs Attention
15723,365,4,930.7,2,3,3,233,Needs Attention
16109,219,3,929.52,2,3,3,233,Needs Attention
14338,161,3,928.1,3,3,3,333,Needs Attention
15243,74,2,927.28,3,2,3,323,Needs Attention
17805,74,2,927.03,3,3,3,333,Needs Attention
13965,477,3,925.51,1,3,3,133,Needs Attention
13122,94,2,922.39,3,2,3,323,Needs Attention
13934,264,1,922.1,2,1,3,213,Needs Attention
14272,74,4,920.81,3,3,3,333,Needs Attention
17363,395,3,920.46,2,3,3,233,Needs Attention
13075,130,1,919.61,3,1,3,313,Needs Attention
12368,628,1,917.7,1,1,3,113,Needs Attention
14061,507,3,917.4300000000001,1,3,3,133,Needs Attention
14423,218,3,916.61,2,3,3,233,Needs Attention
12373,311,3,915.0500000000001,2,3,3,233,Needs Attention
16216,267,1,914.9300000000001,2,1,3,213,Needs Attention
14549,311,4,913.6,2,3,3,233,Needs Attention
14605,374,4,913.21,2,3,3,233,Needs Attention
16138,379,3,910.35,2,3,3,233,Needs Attention
16975,423,3,908.72,1,3,3,133,Needs Attention
14839,418,3,908.63,1,3,3,133,Needs Attention
16643,246,2,907.8100000000001,2,2,3,223,Needs Attention
17464,158,3,907.1400000000001,3,3,3,333,Needs Attention
14969,704,1,906.23,1,1,3,113,Needs Attention
12998,493,3,905.08,1,3,3,133,Needs Attention
13872,527,3,904.57,1,3,3,133,Needs Attention
13548,96,3,901.44,3,3,3,333,Needs Attention
12945,288,2,900.11,2,2,3,223,Needs Attention
12486,432,1,899.88,1,1,3,113,Needs Attention
16834,228,2,898.96,2,3,3,233,Needs Attention
15364,96,2,897.89,3,2,3,323,Needs Attention
15244,65,3,896.7800000000001,3,3,3,333,Needs Attention
12503,584,1,896.0,1,1,3,113,Needs Attention
17226,309,3,895.47,2,3,3,233,Needs Attention
12811,262,4,893.9,2,3,3,233,Needs Attention
14065,389,3,891.02,2,3,3,233,Needs Attention
15824,453,2,890.94,1,2,3,123,Needs Attention
14568,435,1,889.1,1,1,3,113,Needs Attention
14813,370,4,888.91,2,3,3,233,Needs Attention
17704,169,2,885.19,3,3,3,333,Needs Attention
12525,498,3,883.73,1,3,3,133,Needs Attention
18141,402,2,882.47,2,3,3,233,Needs Attention
15211,60,2,881.11,3,2,3,323,Needs Attention
16677,411,2,880.62,1,2,3,123,Needs Attention
14612,415,1,877.7,1,1,3,113,Needs Attention
15653,93,2,877.44,3,2,3,323,Needs Attention
15710,417,1,877.07,1,1,3,113,Needs Attention
14645,157,3,876.89,3,3,3,333,Needs Attention
13768,727,2,875.97,1,2,3,123,Needs Attention
13166,283,2,875.93,2,2,3,223,Needs Attention
12652,331,2,875.73,2,2,3,223,Needs Attention
17143,417,2,875.17,1,3,3,133,Needs Attention
12874,385,2,873.42,2,2,3,223,Needs Attention
12801,501,1,871.82,1,1,3,113,Needs Attention
13376,99,3,869.76,3,3,3,333,Needs Attention
14753,87,2,869.51,3,2,3,323,Needs Attention
12675,554,2,865.75,1,2,3,123,Needs Attention
16567,194,2,865.6,2,2,3,223,Needs Attention
14133,130,4,865.24,3,3,3,333,Needs Attention
13922,352,3,865.2,2,3,3,233,Needs Attention
17480,78,2,864.83,3,3,3,333,Needs Attention
14372,443,2,860.08,1,2,3,123,Needs Attention
13891,378,3,859.21,2,3,3,233,Needs Attention
17176,202,3,856.42,2,3,3,233,Needs Attention
12878,236,2,854.99,2,2,3,223,Needs Attention
12703,71,4,852.63,3,3,3,333,Needs Attention
12413,67,4,851.65,3,3,3,333,Needs Attention
13479,201,4,851.37,2,3,3,233,Needs Attention
18108,254,3,848.8100000000001,2,3,3,233,Needs Attention
16228,385,3,848.61,2,3,3,233,Needs Attention
15264,64,2,848.4,3,2,3,323,Needs Attention
15784,468,2,848.33,1,2,3,123,Needs Attention
14202,381,3,847.76,2,3,3,233,Needs Attention
13970,386,2,846.55,2,2,3,223,Needs Attention
13996,386,2,845.76,2,2,3,223,Needs Attention
14803,162,3,845.5500000000001,3,3,3,333,Needs Attention
14922,394,2,843.74,2,2,3,223,Needs Attention
12785,364,3,843.2,2,3,3,233,Needs Attention
17638,647,2,842.4000000000001,1,3,3,133,Needs Attention
14510,376,2,842.15,2,2,3,223,Needs Attention
16810,192,2,842.04,2,3,3,233,Needs Attention
13339,201,1,840.32,2,1,3,213,Needs Attention
12543,448,1,840.25,1,1,3,113,Needs Attention
13169,64,3,840.08,3,3,3,333,Needs Attention
14355,366,3,840.0500000000001,2,3,3,233,Needs Attention
18247,415,3,839.73,1,3,3,133,Needs Attention
13795,388,4,836.3,2,3,3,233,Needs Attention
13386,414,2,835.46,1,2,3,123,Needs Attention
15190,434,1,834.4399999999999,1,1,3,113,Needs Attention
13945,395,2,834.35,2,2,3,223,Needs Attention
13221,240,2,834.08,2,2,3,223,Needs Attention
16644,178,2,833.78,3,2,3,323,Needs Attention
12903,429,1,833.5300000000001,1,1,3,113,Needs Attention
12545,75,2,832.39,3,2,3,323,Needs Attention
15766,64,3,831.0600000000001,3,3,3,333,Needs Attention
15617,396,3,828.5500000000001,2,3,3,233,Needs Attention
13937,169,2,827.9300000000001,3,2,3,323,Needs Attention
16494,297,1,826.53,2,1,3,213,Needs Attention
17880,365,3,824.9200000000001,2,3,3,233,Needs Attention
13513,127,3,824.59,3,3,3,333,Needs Attention
14260,471,3,824.28,1,3,3,133,Needs Attention
12815,148,2,823.86,3,2,3,323,Needs Attention
15137,521,2,823.4,1,2,3,123,Needs Attention
17161,444,1,823.3100000000001,1,2,3,123,Needs Attention
16798,554,3,822.81,1,3,3,133,Needs Attention
15713,143,4,822.24,3,3,3,333,Needs Attention
13893,298,1,821.1,2,1,3,213,Needs Attention
16135,263,2,819.45,2,2,3,223,Needs Attention
17683,386,3,819.01,2,3,3,233,Needs Attention
13612,633,1,818.29,1,1,3,113,Needs Attention
15542,512,3,817.46,1,3,3,133,Needs Attention
14890,254,3,817.25,2,3,3,233,Needs Attention
15180,367,3,816.9300000000001,2,3,3,233,Needs Attention
14872,484,3,816.6,1,3,3,133,Needs Attention
13175,582,2,816.15,1,2,3,123,Needs Attention
16624,81,2,810.57,3,2,3,323,Needs Attention
16246,460,2,809.75,1,2,3,123,Needs Attention
13045,99,3,808.9200000000001,3,3,3,333,Needs Attention
13038,80,3,808.86,3,3,3,333,Needs Attention
12550,79,1,805.03,3,1,3,313,Needs Attention
18248,123,2,804.02,3,3,3,333,Needs Attention
15644,166,4,803.54,3,3,3,333,Needs Attention
15314,199,3,801.49,2,3,3,233,Needs Attention
13041,451,4,799.13,1,3,3,133,Needs Attention
15309,611,4,797.96,1,3,3,133,Needs Attention
14556,596,3,795.89,1,3,3,133,Needs Attention
13336,77,1,795.12,3,1,3,313,Needs Attention
14128,61,3,793.41,3,3,3,333,Needs Attention
14022,225,2,792.15,2,2,3,223,Needs Attention
13484,241,3,790.72,2,3,3,233,Needs Attention
16472,434,2,789.6,1,2,3,123,Needs Attention
14557,85,1,788.38,3,1,3,313,Needs Attention
14600,306,2,787.77,2,2,3,223,Needs Attention
16468,74,3,787.52,3,3,3,333,Needs Attention
12781,64,2,786.74,3,2,3,323,Needs Attention
16943,212,3,786.13,2,3,3,233,Needs Attention
13770,422,4,785.37,1,3,3,133,Needs Attention
13541,427,2,785.25,1,2,3,123,Needs Attention
13415,473,4,784.17,1,3,3,133,Needs Attention
15396,113,2,783.08,3,2,3,323,Needs Attention
17023,417,3,782.78,1,3,3,133,Needs Attention
13453,166,3,781.69,3,3,3,333,Needs Attention
13287,603,3,781.59,1,3,3,133,Needs Attention
13595,517,3,779.53,1,3,3,133,Needs Attention
16961,116,3,779.26,3,3,3,333,Needs Attention
13563,84,2,777.53,3,2,3,323,Needs Attention
15837,65,2,777.01,3,2,3,323,Needs Attention
15794,736,2,777.0,1,2,3,123,Needs Attention
17194,361,2,776.66,2,3,3,233,Needs Attention
15092,215,3,776.46,2,3,3,233,Needs Attention
13514,74,4,776.0,3,3,3,333,Needs Attention
17482,487,2,775.64,1,3,3,133,Needs Attention
13016,73,3,774.59,3,3,3,333,Needs Attention
12410,309,3,773.71,2,3,3,233,Needs Attention
15075,78,1,773.03,3,1,3,313,Needs Attention
14463,98,4,771.5699999999999,3,3,3,333,Needs Attention
14838,423,2,769.9200000000001,1,2,3,123,Needs Attention
14873,210,2,769.08,2,2,3,223,Needs Attention
16978,78,3,768.88,3,3,3,333,Needs Attention
17167,380,3,768.51,2,3,3,233,Needs Attention
13745,162,2,767.4,3,2,3,323,Needs Attention
16739,177,2,766.63,3,2,3,323,Needs Attention
13720,117,4,765.1,3,3,3,333,Needs Attention
13699,155,2,764.15,3,2,3,323,Needs Attention
17251,363,3,763.28,2,3,3,233,Needs Attention
15331,500,3,762.87,1,3,3,133,Needs Attention
17801,451,3,762.43,1,3,3,133,Needs Attention
16264,438,2,762.33,1,2,3,123,Needs Attention
12965,89,1,758.21,3,1,3,313,Needs Attention
15908,491,2,756.07,1,2,3,123,Needs Attention
13341,261,1,756.05,2,1,3,213,Needs Attention
13370,372,1,754.87,2,1,3,213,Needs Attention
13730,136,2,752.6,3,2,3,323,Needs Attention
18265,72,2,751.71,3,3,3,333,Needs Attention
13070,192,4,751.7,2,3,3,233,Needs Attention
13712,247,2,751.12,2,2,3,223,Needs Attention
16392,270,3,750.41,2,3,3,233,Needs Attention
15246,238,3,749.8000000000001,2,3,3,233,Needs Attention
16972,383,2,749.0,2,3,3,233,Needs Attention
17212,253,3,748.81,2,3,3,233,Needs Attention
14048,305,3,748.69,2,3,3,233,Needs Attention
13108,373,2,748.46,2,2,3,223,Needs Attention
13356,80,1,748.44,3,1,3,313,Needs Attention
13781,251,3,748.23,2,3,3,233,Needs Attention
16958,435,1,747.89,1,2,3,123,Needs Attention
14942,402,4,746.56,2,3,3,233,Needs Attention
16465,421,2,746.24,1,2,3,123,Needs Attention
12793,335,3,745.53,2,3,3,233,Needs Attention
14228,438,3,745.5,1,3,3,133,Needs Attention
12871,84,3,744.02,3,3,3,333,Needs Attention
13354,71,1,743.53,3,1,3,313,Needs Attention
15448,313,2,742.91,2,2,3,223,Needs Attention
14302,431,3,742.9000000000001,1,3,3,133,Needs Attention
18275,578,2,741.85,1,3,3,133,Needs Attention
15832,254,1,741.69,2,1,3,213,Needs Attention
13713,408,3,740.76,2,3,3,233,Needs Attention
12440,462,2,739.2,1,2,3,123,Needs Attention
16480,76,1,738.69,3,1,3,313,Needs Attention
15070,373,3,737.0500000000001,2,3,3,233,Needs Attention
15462,94,4,737.05,3,3,3,333,Needs Attention
15045,152,2,735.66,3,2,3,323,Needs Attention
13286,600,1,734.91,1,1,3,113,Needs Attention
12772,60,1,732.67,3,1,3,313,Needs Attention
13921,402,4,730.7,2,3,3,233,Needs Attention
13452,259,3,729.8,2,3,3,233,Needs Attention
18163,584,1,728.84,1,2,3,123,Needs Attention
17756,376,3,728.75,2,3,3,233,Needs Attention
17547,376,2,727.85,2,3,3,233,Needs Attention
17374,219,3,727.11,2,3,3,233,Needs Attention
16447,136,3,727.1,3,3,3,333,Needs Attention
12505,409,1,726.0,1,1,3,113,Needs Attention
13729,436,3,724.73,1,3,3,133,Needs Attention
16262,378,1,724.55,2,1,3,213,Needs Attention
12745,487,2,723.85,1,2,3,123,Needs Attention
13264,443,1,722.5600000000001,1,1,3,113,Needs Attention
13441,92,2,720.9,3,2,3,323,Needs Attention
13604,659,1,717.62,1,1,3,113,Needs Attention
16269,438,1,717.57,1,1,3,113,Needs Attention
16526,172,2,717.21,3,2,3,323,Needs Attention
12535,92,2,716.35,3,2,3,323,Needs Attention
14778,127,2,715.5600000000001,3,2,3,323,Needs Attention
12792,257,2,715.01,2,2,3,223,Needs Attention
12632,521,2,714.88,1,2,3,123,Needs Attention
12761,465,1,712.95,1,1,3,113,Needs Attention
15127,66,2,711.5,3,2,3,323,Needs Attention
12485,529,1,708.1,1,1,3,113,Needs Attention
14398,401,2,707.79,2,2,3,223,Needs Attention
16449,198,2,707.69,2,2,3,223,Needs Attention
12453,134,1,707.09,3,1,3,313,Needs Attention
13626,253,2,707.04,2,2,3,223,Needs Attention
18187,632,1,707.04,1,2,3,123,Needs Attention
16309,106,2,706.57,3,2,3,323,Needs Attention
16882,67,3,705.12,3,3,3,333,Needs Attention
14699,214,4,702.6,2,3,3,233,Needs Attention
16075,503,2,702.13,1,2,3,123,Needs Attention
16997,288,3,702.0,2,3,3,233,Needs Attention
14324,410,2,701.61,1,2,3,123,Needs Attention
14356,80,2,701.23,3,2,3,323,Needs Attention
13833,159,2,700.41,3,2,3,323,Needs Attention
13057,530,3,697.99,1,3,3,133,Needs Attention
12696,435,2,697.11,1,2,3,123,Needs Attention
14497,309,2,697.0600000000001,2,2,3,223,Needs Attention
13512,261,4,695.99,2,3,3,233,Needs Attention
14959,64,4,695.42,3,3,3,333,Needs Attention
13101,234,4,695.4,2,3,3,233,Needs Attention
15995,414,1,694.54,1,1,3,113,Needs Attention
16545,165,2,689.8199999999999,3,2,3,323,Needs Attention
15361,362,4,689.07,2,3,3,233,Needs Attention
12923,64,3,688.87,3,3,3,333,Needs Attention
17834,415,2,688.22,1,3,3,133,Needs Attention
15700,172,2,687.98,3,2,3,323,Needs Attention
14809,621,2,686.76,1,2,3,123,Needs Attention
15257,283,2,685.9,2,2,3,223,Needs Attention
15219,176,2,685.45,3,2,3,323,Needs Attention
13585,531,3,684.54,1,3,3,133,Needs Attention
15207,416,3,683.92,1,3,3,133,Needs Attention
14222,177,1,683.17,3,1,3,313,Needs Attention
13537,426,2,683.05,1,2,3,123,Needs Attention
18271,610,2,680.85,1,3,3,133,Needs Attention
13809,305,3,679.6999999999999,2,3,3,233,Needs Attention
14151,673,2,679.45,1,2,3,123,Needs Attention
17782,383,2,679.02,2,3,3,233,Needs Attention
16646,449,1,678.8,1,1,3,113,Needs Attention
14182,444,4,678.77,1,3,3,133,Needs Attention
13925,93,4,678.25,3,3,3,333,Needs Attention
15363,373,2,678.11,2,2,3,223,Needs Attention
13927,75,2,675.5600000000001,3,2,3,323,Needs Attention
13325,82,1,675.3,3,1,3,313,Needs Attention
13355,122,1,674.7,3,1,3,313,Needs Attention
13951,176,3,674.45,3,3,3,333,Needs Attention
15562,352,3,671.4300000000001,2,3,3,233,Needs Attention
13398,192,2,670.34,2,2,3,223,Needs Attention
12786,610,1,668.5000000000001,1,1,3,113,Needs Attention
13741,72,3,668.4300000000001,3,3,3,333,Needs Attention
12612,74,1,668.04,3,1,3,313,Needs Attention
13987,380,2,667.24,2,2,3,223,Needs Attention
13217,122,4,666.48,3,3,3,333,Needs Attention
17105,159,2,665.78,3,3,3,333,Needs Attention
15973,367,2,665.62,2,2,3,223,Needs Attention
16132,544,2,664.1999999999999,1,2,3,123,Needs Attention
15643,192,3,664.0,2,3,3,233,Needs Attention
16573,85,2,663.61,3,2,3,323,Needs Attention
16679,366,3,663.31,2,3,3,233,Needs Attention
12837,173,2,662.66,3,2,3,323,Needs Attention
13864,387,1,662.4000000000001,2,1,3,213,Needs Attention
12942,131,3,662.3,3,3,3,333,Needs Attention
14425,435,3,661.39,1,3,3,133,Needs Attention
14026,471,2,660.91,1,2,3,123,Needs Attention
14880,77,3,660.59,3,3,3,333,Needs Attention
14603,275,1,660.0,2,1,3,213,Needs Attention
15405,189,2,659.84,2,2,3,223,Needs Attention
13433,501,4,658.32,1,3,3,133,Needs Attention
17462,60,2,655.89,3,3,3,333,Needs Attention
14558,654,3,655.5,1,3,3,133,Needs Attention
16117,190,3,654.4,2,3,3,233,Needs Attention
14142,373,2,653.94,2,2,3,223,Needs Attention
14998,170,4,653.73,3,3,3,333,Needs Attention
18121,149,2,653.3000000000001,3,3,3,333,Needs Attention
15205,85,2,653.24,3,2,3,323,Needs Attention
13820,418,3,652.75,1,3,3,133,Needs Attention
13898,326,2,651.6,2,2,3,223,Needs Attention
12730,522,1,647.5,1,1,3,113,Needs Attention
17380,434,3,645.0,1,3,3,133,Needs Attention
17312,139,3,644.3,3,3,3,333,Needs Attention
13237,388,1,643.0,2,1,3,213,Needs Attention
16704,618,2,641.66,1,2,3,123,Needs Attention
13474,236,3,641.64,2,3,3,233,Needs Attention
12880,382,2,640.13,2,2,3,223,Needs Attention
15648,204,2,639.5,2,2,3,223,Needs Attention
17998,380,3,639.24,2,3,3,233,Needs Attention
13840,416,1,636.1,1,1,3,113,Needs Attention
17398,115,3,635.98,3,3,3,333,Needs Attention
16534,642,1,635.9,1,1,3,113,Needs Attention
17334,302,3,635.1500000000001,2,3,3,233,Needs Attention
14365,395,2,634.68,2,2,3,223,Needs Attention
16428,414,3,633.45,1,3,3,133,Needs Attention
13540,467,3,632.39,1,3,3,133,Needs Attention
18183,227,2,632.07,2,3,3,233,Needs Attention
14283,463,4,628.44,1,3,3,133,Needs Attention
13480,417,2,627.82,1,2,3,123,Needs Attention
12735,315,2,627.17,2,2,3,223,Needs Attention
13518,86,1,627.16,3,1,3,313,Needs Attention
12461,155,1,626.88,3,1,3,313,Needs Attention
14036,285,1,626.65,2,1,3,213,Needs Attention
14024,122,3,625.94,3,3,3,333,Needs Attention
16715,78,2,625.52,3,2,3,323,Needs Attention
15666,472,2,625.44,1,2,3,123,Needs Attention
17134,107,3,625.3,3,3,3,333,Needs Attention
15147,240,1,623.5,2,1,3,213,Needs Attention
16431,213,3,623.28,2,3,3,233,Needs Attention
14115,502,2,622.67,1,2,3,123,Needs Attention
15183,548,3,622.53,1,3,3,133,Needs Attention
17005,471,2,622.36,1,3,3,133,Needs Attention
14339,243,2,620.27,2,2,3,223,Needs Attention
16193,237,2,620.23,2,2,3,223,Needs Attention
16613,70,1,618.59,3,1,3,313,Needs Attention
14455,432,4,617.72,1,3,3,133,Needs Attention
16268,71,2,617.65,3,2,3,323,Needs Attention
15956,551,2,617.6,1,2,3,123,Needs Attention
14377,191,2,617.05,2,2,3,223,Needs Attention
14563,510,2,616.12,1,2,3,123,Needs Attention
16844,563,2,614.34,1,3,3,133,Needs Attention
12855,373,4,612.84,2,3,3,233,Needs Attention
16116,212,1,612.78,2,1,3,213,Needs Attention
15829,99,2,612.74,3,2,3,323,Needs Attention
16178,138,2,612.6,3,2,3,323,Needs Attention
15232,113,2,612.06,3,2,3,323,Needs Attention
16922,573,1,611.08,1,2,3,123,Needs Attention
13731,219,2,610.59,2,2,3,223,Needs Attention
17325,280,3,609.5699999999999,2,3,3,233,Needs Attention
12519,64,2,609.14,3,2,3,323,Needs Attention
13933,109,2,608.79,3,2,3,323,Needs Attention
15276,66,4,608.65,3,3,3,333,Needs Attention
12492,63,3,607.21,3,3,3,333,Needs Attention
16590,401,2,605.9,2,2,3,223,Needs Attention
17507,262,2,605.58,2,3,3,233,Needs Attention
14323,115,2,605.0600000000001,3,2,3,323,Needs Attention
13020,563,2,603.96,1,2,3,123,Needs Attention
13444,374,2,603.78,2,2,3,223,Needs Attention
12734,353,3,603.65,2,3,3,233,Needs Attention
13106,133,2,603.46,3,2,3,323,Needs Attention
18264,499,1,603.25,1,2,3,123,Needs Attention
16781,372,2,603.2,2,2,3,223,Needs Attention
16022,260,1,602.63,2,1,3,213,Needs Attention
14169,431,2,601.51,1,2,3,123,Needs Attention
17270,469,2,601.45,1,3,3,133,Needs Attention
14254,433,1,601.03,1,1,3,113,Needs Attention
12420,64,1,600.39,3,1,3,313,Needs Attention
17745,478,2,600.34,1,3,3,133,Needs Attention
13301,104,4,600.1899999999999,3,3,3,333,Needs Attention
17678,264,2,599.76,2,3,3,233,Needs Attention
15362,449,2,598.08,1,2,3,123,Needs Attention
15424,254,3,597.78,2,3,3,233,Needs Attention
13622,696,1,597.75,1,1,3,113,Needs Attention
15631,642,1,596.67,1,1,3,113,Needs Attention
16780,100,3,596.4,3,3,3,333,Needs Attention
15346,333,3,596.12,2,3,2,232,Needs Attention
13684,286,4,594.88,2,3,2,232,Needs Attention
14746,406,4,593.5,2,3,2,232,Needs Attention
16776,60,2,592.51,3,2,2,322,Needs Attention
15160,357,4,589.27,2,3,2,232,Needs Attention
15624,117,4,588.13,3,3,2,332,Needs Attention
14965,96,2,584.49,3,2,2,322,Needs Attention
14729,374,3,583.74,2,3,2,232,Needs Attention
15258,169,2,583.56,3,2,2,322,Needs Attention
17209,649,3,582.95,1,3,2,132,Needs Attention
15918,191,3,582.88,2,3,2,232,Needs Attention
17392,307,3,579.92,2,3,2,232,Needs Attention
18262,140,3,577.54,3,3,2,332,Needs Attention
17773,514,2,575.37,1,3,2,132,Needs Attention
14670,280,3,574.03,2,3,2,232,Needs Attention
14053,124,4,572.3,3,3,2,332,Needs Attention
15691,252,4,571.3,2,3,2,232,Needs Attention
12817,281,3,570.98,2,3,2,232,Needs Attention
13190,544,3,570.66,1,3,2,132,Needs Attention
15315,64,2,570.5,3,2,2,322,Needs Attention
14170,375,3,570.18,2,3,2,232,Needs Attention
17433,88,2,569.96,3,3,2,332,Needs Attention
12624,106,2,569.13,3,2,2,322,Needs Attention
18244,431,2,568.64,1,3,2,132,Needs Attention
13321,72,2,567.36,3,2,2,322,Needs Attention
14208,95,2,567.05,3,2,2,322,Needs Attention
13998,447,3,566.7,1,3,2,132,Needs Attention
16250,261,3,565.24,2,3,2,232,Needs Attention
13008,323,3,564.13,2,3,2,232,Needs Attention
15762,65,2,563.95,3,2,2,322,Needs Attention
17413,405,2,560.14,2,3,2,232,Needs Attention
12513,113,1,558.29,3,1,2,312,Needs Attention
13260,61,1,557.62,3,1,2,312,Needs Attention
17473,409,2,554.8,2,3,2,232,Needs Attention
18056,288,2,554.6,2,3,2,232,Needs Attention
16641,106,2,554.5,3,2,2,322,Needs Attention
15191,463,3,553.25,1,3,2,132,Needs Attention
12363,110,2,552.0,3,2,2,322,Needs Attention
17674,74,2,551.04,3,3,2,332,Needs Attention
13948,361,4,548.76,2,3,2,232,Needs Attention
16536,110,1,548.12,3,1,2,312,Needs Attention
16031,92,2,547.9,3,2,2,322,Needs Attention
17890,323,2,547.49,2,3,2,232,Needs Attention
16667,68,2,547.38,3,2,2,322,Needs Attention
12521,143,1,545.68,3,1,2,312,Needs Attention
13390,75,1,544.08,3,1,2,312,Needs Attention
16927,116,3,543.05,3,3,2,332,Needs Attention
15959,682,3,542.89,1,3,2,132,Needs Attention
13955,154,3,542.62,3,3,2,332,Needs Attention
13262,263,3,542.0,2,3,2,232,Needs Attention
16060,401,3,541.95,2,3,2,232,Needs Attention
12743,134,2,540.13,3,2,2,322,Needs Attention
17265,139,2,540.11,3,3,2,332,Needs Attention
17098,382,3,540.07,2,3,2,232,Needs Attention
15055,475,3,539.17,1,3,2,132,Needs Attention
17524,361,3,539.14,2,3,2,232,Needs Attention
15825,172,1,532.94,3,1,2,312,Needs Attention
12414,217,4,532.41,2,3,2,232,Needs Attention
16935,382,3,530.86,2,3,2,232,Needs Attention
14002,134,2,529.73,3,2,2,322,Needs Attention
18191,262,2,529.4,2,3,2,232,Needs Attention
15756,61,4,528.01,3,3,2,332,Needs Attention
13785,429,4,527.19,1,3,2,132,Needs Attention
16421,376,3,526.27,2,3,2,232,Needs Attention
15683,117,2,524.54,3,2,2,322,Needs Attention
17223,310,3,523.04,2,3,2,232,Needs Attention
17514,128,2,522.0,3,3,2,332,Needs Attention
12956,306,4,521.89,2,3,2,232,Needs Attention
13811,184,2,519.75,3,2,2,322,Needs Attention
14949,469,4,515.0,1,3,2,132,Needs Attention
18212,326,2,514.37,2,3,2,232,Needs Attention
12897,205,4,514.25,2,3,2,232,Needs Attention
12977,156,4,513.88,3,3,2,332,Needs Attention
16829,157,2,513.32,3,3,2,332,Needs Attention
14570,281,3,512.4,2,3,2,232,Needs Attention
13177,65,2,512.2,3,2,2,322,Needs Attention
15675,81,4,512.04,3,3,2,332,Needs Attention
15417,85,1,508.8,3,1,2,312,Needs Attention
17391,164,2,508.8,3,3,2,332,Needs Attention
14317,65,1,508.58,3,1,2,312,Needs Attention
13067,82,3,508.51,3,3,2,332,Needs Attention
14552,152,3,507.93,3,3,2,332,Needs Attention
17415,80,1,507.84,3,2,2,322,Needs Attention
14529,60,3,507.21,3,3,2,332,Needs Attention
15689,120,3,506.03000000000003,3,3,2,332,Needs Attention
12390,80,1,504.84000000000003,3,1,2,312,Needs Attention
17630,170,2,503.6,3,3,2,332,Needs Attention
13116,138,1,501.14,3,1,2,312,Needs Attention
17248,120,2,500.54,3,3,2,332,Needs Attention
15193,61,1,499.32,3,1,2,312,Needs Attention
14171,98,2,498.79,3,2,2,322,Needs Attention
16820,96,1,497.61,3,2,2,322,Needs Attention
17335,384,2,497.04,2,3,2,232,Needs Attention
17923,282,3,497.0,2,3,2,232,Needs Attention
15300,64,1,496.44,3,1,2,312,Needs Attention
15278,562,4,496.16,1,3,2,132,Needs Attention
17995,282,3,495.48,2,3,2,232,Needs Attention
17333,86,1,494.25,3,2,2,322,Needs Attention
12763,138,2,494.08,3,2,2,322,Needs Attention
17476,396,2,489.86,2,3,2,232,Needs Attention
17715,201,2,489.59999999999997,2,3,2,232,Needs Attention
17110,165,3,488.3,3,3,2,332,Needs Attention
18280,278,2,488.15000000000003,2,3,2,232,Needs Attention
13675,151,2,486.82000000000005,3,2,2,322,Needs Attention
14722,147,3,485.52,3,3,2,332,Needs Attention
16603,75,2,482.47,3,2,2,322,Needs Attention
18049,437,2,478.70000000000005,1,3,2,132,Needs Attention
15589,256,3,478.53,2,3,2,232,Needs Attention
15507,172,1,475.86,3,1,2,312,Needs Attention
15780,184,3,475.28000000000003,3,3,2,332,Needs Attention
14322,429,4,474.1,1,3,2,132,Needs Attention
13194,136,2,472.78,3,2,2,322,Needs Attention
13642,216,4,470.75,2,3,2,232,Needs Attention
17294,669,2,467.79,1,3,2,132,Needs Attention
17187,227,2,467.71,2,3,2,232,Needs Attention
14029,63,2,467.66,3,2,2,322,Needs Attention
16390,537,3,467.5,1,3,2,132,Needs Attention
17040,138,2,463.25,3,3,2,332,Needs Attention
15349,158,2,462.96,3,2,2,322,Needs Attention
13957,418,3,458.25,1,3,2,132,Needs Attention
14819,64,4,456.41,3,3,2,332,Needs Attention
12999,196,3,455.88,2,3,2,232,Needs Attention
15216,88,2,455.49,3,2,2,322,Needs Attention
15585,177,1,455.3,3,1,2,312,Needs Attention
17067,725,3,454.54,1,3,2,132,Needs Attention
17996,380,3,454.43,2,3,2,232,Needs Attention
15475,77,1,454.11,3,1,2,312,Needs Attention
14184,67,1,452.89,3,1,2,312,Needs Attention
12361,287,4,451.25,2,3,2,232,Needs Attention
12831,262,3,451.11,2,3,2,232,Needs Attention
13150,484,3,449.96999999999997,1,3,2,132,Needs Attention
13877,86,3,449.68,3,3,2,332,Needs Attention
13489,105,4,449.52,3,3,2,332,Needs Attention
14727,274,3,449.43,2,3,2,232,Needs Attention
15739,66,1,449.12,3,1,2,312,Needs Attention
14761,59,3,447.92,3,3,2,332,Needs Attention
13754,152,3,447.05,3,3,2,332,Needs Attention
16404,70,1,443.05,3,1,2,312,Needs Attention
18222,93,1,443.0,3,2,2,322,Needs Attention
14331,124,2,442.86,3,2,2,322,Needs Attention
13248,125,2,442.28000000000003,3,2,2,322,Needs Attention
17699,477,2,442.0,1,3,2,132,Needs Attention
17643,373,2,439.7,2,3,2,232,Needs Attention
17718,232,2,439.18,2,3,2,232,Needs Attention
17807,395,3,437.87,2,3,2,232,Needs Attention
17070,114,2,437.42,3,3,2,332,Needs Attention
15323,563,3,434.6,1,3,2,132,Needs Attention
14238,326,3,434.23,2,3,2,232,Needs Attention
16939,489,3,433.84999999999997,1,3,2,132,Needs Attention
12816,96,2,432.40000000000003,3,2,2,322,Needs Attention
16236,78,1,432.2,3,1,2,312,Needs Attention
16881,67,1,432.0,3,2,2,322,Needs Attention
16888,401,3,431.35,2,3,2,232,Needs Attention
18134,598,2,430.0,1,3,2,132,Needs Attention
15553,60,1,428.93,3,1,2,312,Needs Attention
17823,421,2,428.15,1,3,2,132,Needs Attention
12740,64,1,427.6,3,1,2,312,Needs Attention
15930,67,1,426.63,3,1,2,312,Needs Attention
16913,290,3,423.91,2,3,2,232,Needs Attention
16689,76,2,422.6,3,2,2,322,Needs Attention
17053,131,1,422.28,3,2,2,322,Needs Attention
14757,75,1,420.5,3,1,2,312,Needs Attention
13672,301,3,419.92,2,3,2,232,Needs Attention
13442,667,3,419.87,1,3,2,132,Needs Attention
14124,84,1,419.58,3,1,2,312,Needs Attention
14413,362,3,419.17,2,3,2,232,Needs Attention
15262,324,3,418.82,2,3,2,232,Needs Attention
17258,397,2,417.3,2,3,2,232,Needs Attention
12729,114,1,417.01,3,1,2,312,Needs Attention
16957,239,2,416.64,2,3,2,232,Needs Attention
12930,78,2,415.8,3,2,2,322,Needs Attention
14333,68,1,415.2,3,1,2,312,Needs Attention
18278,74,2,414.20000000000005,3,3,2,332,Needs Attention
13002,318,3,414.13,2,3,2,232,Needs Attention
15888,81,3,413.29,3,3,2,332,Needs Attention
17662,662,2,412.92,1,3,2,132,Needs Attention
17601,239,2,412.65999999999997,2,3,2,232,Needs Attention
16272,117,1,411.7,3,1,2,312,Needs Attention
18011,373,2,410.79,2,3,2,232,Needs Attention
15099,84,1,410.48,3,1,2,312,Needs Attention
16864,434,2,409.25,1,3,2,132,Needs Attention
16921,61,3,409.21,3,3,2,332,Needs Attention
16324,128,3,408.59000000000003,3,3,2,332,Needs Attention
16629,74,2,406.98,3,2,2,322,Needs Attention
13807,367,3,406.9,2,3,2,232,Needs Attention
17000,396,2,406.3,2,3,2,232,Needs Attention
12922,161,1,405.38,3,1,2,312,Needs Attention
12833,145,1,404.08,3,1,2,312,Needs Attention
17094,322,2,402.20000000000005,2,3,2,232,Needs Attention
17285,628,2,400.44,1,3,2,132,Needs Attention
15280,172,3,397.52,3,3,2,332,Needs Attention
17789,281,2,397.15,2,3,2,232,Needs Attention
12824,60,1,397.12,3,1,2,312,Needs Attention
16815,454,2,395.82,1,3,2,132,Needs Attention
16538,541,3,395.07,1,3,2,132,Needs Attention
18048,203,3,394.93,2,3,2,232,Needs Attention
18050,359,2,394.66,2,3,2,232,Needs Attention
15386,186,1,394.14,3,1,2,312,Needs Attention
15446,377,3,393.90000000000003,2,3,2,232,Needs Attention
17563,578,2,392.38,1,3,2,132,Needs Attention
17300,391,2,392.19,2,3,2,232,Needs Attention
13686,183,3,391.64,3,3,2,332,Needs Attention
15342,130,1,390.79,3,1,2,312,Needs Attention
18024,153,2,389.78,3,3,2,332,Needs Attention
12436,100,1,389.40999999999997,3,1,2,312,Needs Attention
16484,174,2,389.3,3,2,2,322,Needs Attention
15036,72,3,388.76,3,3,2,332,Needs Attention
18227,218,2,388.75,2,3,2,232,Needs Attention
17918,501,3,388.44,1,3,2,132,Needs Attention
12579,78,1,386.42,3,1,2,312,Needs Attention
13584,307,3,385.7,2,3,2,232,Needs Attention
12889,381,4,385.46000000000004,2,3,2,232,Needs Attention
12829,337,3,385.3,2,3,2,232,Needs Attention
12788,463,4,384.90000000000003,1,3,2,132,Needs Attention
17171,289,2,384.59000000000003,2,3,2,232,Needs Attention
16868,394,3,384.56,2,3,2,232,Needs Attention
16982,61,1,384.06,3,2,2,322,Needs Attention
13792,66,3,383.95,3,3,2,332,Needs Attention
15504,81,4,383.95,3,3,2,332,Needs Attention
14779,281,3,383.3,2,3,2,232,Needs Attention
12593,109,3,382.1,3,3,2,332,Needs Attention
14908,74,2,381.9,3,2,2,322,Needs Attention
17804,376,3,381.28000000000003,2,3,2,232,Needs Attention
17393,411,2,381.15000000000003,1,3,2,132,Needs Attention
15048,65,4,381.0,3,3,2,332,Needs Attention
12493,166,2,379.74,3,2,2,322,Needs Attention
16909,72,1,379.14,3,2,2,322,Needs Attention
17783,72,3,376.96,3,3,2,332,Needs Attention
14353,215,3,376.5,2,3,2,232,Needs Attention
13997,519,3,376.46,1,3,2,132,Needs Attention
14079,125,1,375.1,3,1,2,312,Needs Attention
14067,64,2,374.7,3,2,2,322,Needs Attention
13283,60,4,373.36,3,3,2,332,Needs Attention
18053,71,3,372.17,3,3,2,332,Needs Attention
17245,205,2,371.63,2,3,2,232,Needs Attention
18155,75,3,371.62,3,3,2,332,Needs Attention
15472,113,1,371.56,3,1,2,312,Needs Attention
15975,84,1,371.01,3,1,2,312,Needs Attention
16758,65,1,369.34000000000003,3,2,2,322,Needs Attention
14172,605,3,369.02,1,3,2,132,Needs Attention
17792,467,2,368.35,1,3,2,132,Needs Attention
14962,271,4,366.91,2,3,2,232,Needs Attention
16974,523,2,365.5,1,3,2,132,Needs Attention
12651,335,4,365.15,2,3,2,232,Needs Attention
17536,177,3,364.83,3,3,2,332,Needs Attention
15343,87,1,364.5,3,1,2,312,Needs Attention
16378,247,3,362.95,2,3,2,232,Needs Attention
14122,406,3,362.42,2,3,2,232,Needs Attention
16305,139,1,361.22,3,1,2,312,Needs Attention
17945,697,3,359.5,1,3,2,132,Needs Attention
17948,147,1,358.56000000000006,3,2,2,322,Needs Attention
13228,81,1,358.0,3,1,2,312,Needs Attention
14500,88,3,356.85,3,3,2,332,Needs Attention
15840,59,2,355.56,3,2,2,322,Needs Attention
13210,94,1,353.48,3,1,2,312,Needs Attention
13670,75,1,349.7,3,1,2,312,Needs Attention
12845,267,4,349.14,2,3,2,232,Needs Attention
17252,117,2,348.90999999999997,3,3,2,332,Needs Attention
17577,645,2,348.75,1,3,2,132,Needs Attention
15334,157,3,347.87,3,3,2,332,Needs Attention
17780,667,3,346.56,1,3,2,132,Needs Attention
13774,82,1,345.0,3,1,2,312,Needs Attention
16990,219,2,344.0,2,3,2,232,Needs Attention
13519,78,2,343.21,3,2,2,322,Needs Attention
17810,669,2,343.21,1,3,2,132,Needs Attention
17795,180,2,342.83,3,3,2,332,Needs Attention
17660,141,2,342.22,3,3,2,332,Needs Attention
16259,410,3,340.94,1,3,2,132,Needs Attention
17542,270,3,340.85,2,3,2,232,Needs Attention
14196,107,1,335.52,3,1,2,312,Needs Attention
14241,184,2,333.7,3,2,2,322,Needs Attention
16803,65,1,332.3,3,2,2,322,Needs Attention
15512,156,4,331.58,3,3,2,332,Needs Attention
13352,60,1,330.58,3,1,2,312,Needs Attention
15130,170,1,330.11,3,1,2,312,Needs Attention
17154,75,1,329.34,3,2,2,322,Needs Attention
13187,337,4,328.36,2,3,2,232,Needs Attention
17518,426,2,328.17,1,3,2,132,Needs Attention
17776,387,2,326.45,2,3,2,232,Needs Attention
18047,381,2,326.09,2,3,2,232,Needs Attention
13801,67,1,324.8,3,1,2,312,Needs Attention
16685,61,2,324.24,3,2,2,322,Needs Attention
15120,134,1,324.02,3,1,2,312,Needs Attention
13351,66,1,323.94,3,1,2,312,Needs Attention
16627,79,1,322.8,3,1,2,312,Needs Attention
17182,423,2,321.3,1,3,2,132,Needs Attention
14622,185,1,320.58000000000004,3,1,2,312,Needs Attention
17229,96,2,318.76,3,3,2,332,Needs Attention
16234,476,3,317.88,1,3,2,132,Needs Attention
17267,127,2,317.2,3,3,2,332,Needs Attention
17689,388,2,317.08,2,3,2,232,Needs Attention
17647,65,3,316.81,3,3,2,332,Needs Attention
16761,97,1,316.62,3,2,2,322,Needs Attention
17408,163,3,316.09000000000003,3,3,2,332,Needs Attention
15869,277,3,315.31,2,3,2,232,Needs Attention
16091,155,2,315.06,3,2,2,322,Needs Attention
16582,113,1,313.62,3,1,2,312,Needs Attention
13845,65,1,312.98,3,1,2,312,Needs Attention
14951,79,1,311.69,3,1,2,312,Needs Attention
15724,201,3,310.85,2,3,2,232,Needs Attention
15185,70,1,310.62,3,1,2,312,Needs Attention
14491,175,2,310.33,3,2,2,322,Needs Attention
17326,408,2,310.25,2,3,2,232,Needs Attention
12884,88,1,309.05,3,1,2,312,Needs Attention
17843,303,2,307.9,2,3,2,232,Needs Attention
13529,79,2,307.76,3,2,2,322,Needs Attention
15374,129,2,307.32,3,2,2,322,Needs Attention
14823,180,3,307.28,3,3,2,332,Needs Attention
16796,89,1,305.62,3,2,2,322,Needs Attention
16181,73,1,305.54,3,1,2,312,Needs Attention
13343,178,1,303.43,3,1,2,312,Needs Attention
14806,75,2,303.43,3,2,2,322,Needs Attention
18255,89,2,303.15,3,3,2,332,Needs Attention
18165,177,1,302.46,3,2,2,322,Needs Attention
17339,94,3,302.36,3,3,2,332,Needs Attention
17506,76,1,302.2,3,2,2,322,Needs Attention
16050,174,3,300.7,3,3,2,332,Needs Attention
17556,206,2,300.67,2,3,2,232,Needs Attention
17766,381,2,299.61,2,3,2,232,Needs Attention
12547,198,3,299.58,2,3,2,232,Needs Attention
12864,138,2,299.57,3,2,2,322,Needs Attention
15609,184,1,298.48,3,1,2,312,Needs Attention
13372,90,1,298.04,3,1,2,312,Needs Attention
12566,86,1,297.65,3,1,2,312,Needs Attention
13667,149,1,296.5,3,1,2,312,Needs Attention
17124,185,1,294.24,3,2,2,322,Needs Attention
17882,379,2,291.56,2,3,2,232,Needs Attention
13347,70,1,291.36,3,1,2,312,Needs Attention
16897,299,2,289.78,2,3,2,232,Needs Attention
17501,221,2,288.6,2,3,2,232,Needs Attention
16432,64,1,287.40000000000003,3,1,2,312,Needs Attention
17497,390,2,287.25,2,3,2,232,Needs Attention
16808,99,2,285.87,3,3,2,332,Needs Attention
14660,87,2,285.74,3,2,2,322,Needs Attention
16429,106,1,284.55,3,1,2,312,Needs Attention
15041,170,2,283.88,3,2,2,322,Needs Attention
14162,174,2,283.56,3,2,2,322,Needs Attention
17991,225,3,283.35,2,3,2,232,Needs Attention
17309,95,3,282.14,3,3,2,332,Needs Attention
13679,494,3,281.26,1,3,2,132,Needs Attention
13080,179,4,280.73,3,3,2,332,Needs Attention
16890,477,3,277.91,1,3,1,131,Needs Attention
15942,134,1,276.24,3,1,1,311,Needs Attention
13504,64,1,276.13,3,1,1,311,Needs Attention
12750,129,1,275.88,3,1,1,311,Needs Attention
12851,97,2,275.65999999999997,3,2,1,321,Needs Attention
13307,120,3,273.34,3,3,1,331,Needs Attention
17498,76,1,272.21999999999997,3,2,1,321,Needs Attention
17292,472,2,271.75,1,3,1,131,Needs Attention
14436,99,2,271.7,3,2,1,321,Needs Attention
17278,241,2,271.24,2,3,1,231,Needs Attention
17786,85,2,266.85,3,3,1,331,Needs Attention
12715,106,1,263.36,3,1,1,311,Needs Attention
13399,464,3,262.65,1,3,1,131,Needs Attention
12665,325,3,259.6,2,3,1,231,Needs Attention
13127,78,1,259.17,3,1,1,311,Needs Attention
15852,187,3,257.26,2,3,1,231,Needs Attention
13806,64,1,256.38,3,1,1,311,Needs Attention
16911,636,2,255.25,1,3,1,131,Needs Attention
15035,90,1,252.73000000000002,3,1,1,311,Needs Attention
13645,120,1,252.1,3,1,1,311,Needs Attention
14501,184,2,251.21,3,2,1,321,Needs Attention
16893,367,2,249.47,2,3,1,231,Needs Attention
13061,72,1,248.61,3,1,1,311,Needs Attention
16778,74,2,245.94,3,2,1,321,Needs Attention
13533,183,3,245.89,3,3,1,331,Needs Attention
15118,134,1,244.8,3,1,1,311,Needs Attention
13886,71,1,243.56,3,1,1,311,Needs Attention
16215,81,1,242.35,3,1,1,311,Needs Attention
15776,133,1,241.62,3,1,1,311,Needs Attention
14523,108,1,241.09,3,1,1,311,Needs Attention
17877,170,1,237.61,3,2,1,321,Needs Attention
12604,79,2,236.18,3,2,1,321,Needs Attention
14473,74,2,234.34,3,2,1,321,Needs Attention
13348,64,1,233.76000000000002,3,1,1,311,Needs Attention
16302,127,1,233.22,3,1,1,311,Needs Attention
13678,152,1,232.6,3,1,1,311,Needs Attention
14314,107,2,229.79999999999998,3,2,1,321,Needs Attention
17185,592,3,229.46,1,3,1,131,Needs Attention
17347,86,1,228.96,3,2,1,321,Needs Attention
12789,65,3,225.35,3,3,1,331,Needs Attention
15175,72,1,224.14,3,1,1,311,Needs Attention
17967,372,2,223.42,2,3,1,231,Needs Attention
13419,64,1,221.06,3,1,1,311,Needs Attention
12732,180,1,218.26000000000002,3,1,1,311,Needs Attention
15591,583,3,217.9,1,3,1,131,Needs Attention
16179,61,1,215.83,3,1,1,311,Needs Attention
16338,157,1,214.8,3,1,1,311,Needs Attention
13621,117,1,213.85,3,1,1,311,Needs Attention
13411,107,1,213.55,3,1,1,311,Needs Attention
16591,69,1,213.5,3,1,1,311,Needs Attention
15866,101,1,211.89,3,1,1,311,Needs Attention
12995,85,1,211.32,3,1,1,311,Needs Attention
17484,576,2,209.57,1,3,1,131,Needs Attention
18021,510,2,208.91,1,3,1,131,Needs Attention
16964,733,2,207.85,1,3,1,131,Needs Attention
16866,141,3,207.74,3,3,1,331,Needs Attention
13099,99,1,207.36,3,1,1,311,Needs Attention
17217,234,2,206.35000000000002,2,3,1,231,Needs Attention
15307,96,1,205.3,3,1,1,311,Needs Attention
17891,162,1,203.85999999999999,3,2,1,321,Needs Attention
18169,61,1,202.65,3,2,1,321,Needs Attention
12718,71,1,202.25,3,1,1,311,Needs Attention
18281,181,2,201.14,3,3,1,331,Needs Attention
18072,186,1,200.64000000000001,3,2,1,321,Needs Attention
17693,137,1,200.47,3,2,1,321,Needs Attention
13133,274,3,200.45,2,3,1,231,Needs Attention
15593,71,1,199.8,3,1,1,311,Needs Attention
17184,569,2,198.41000000000003,1,3,1,131,Needs Attention
15746,134,1,196.88,3,1,1,311,Needs Attention
17475,79,1,194.37,3,2,1,321,Needs Attention
15729,213,3,192.55,2,3,1,231,Needs Attention
15909,174,1,191.94,3,1,1,311,Needs Attention
15412,171,1,190.53,3,1,1,311,Needs Attention
18126,61,1,190.33,3,2,1,321,Needs Attention
13972,71,2,190.25,3,2,1,321,Needs Attention
17257,436,2,189.78,1,3,1,131,Needs Attention
13826,176,1,189.5,3,1,1,311,Needs Attention
14801,61,1,189.34,3,1,1,311,Needs Attention
17781,159,2,188.02,3,3,1,331,Needs Attention
18013,155,2,187.29,3,3,1,331,Needs Attention
18063,391,2,186.60000000000002,2,3,1,231,Needs Attention
14100,138,1,186.15,3,1,1,311,Needs Attention
16819,465,2,182.59,1,3,1,131,Needs Attention
16594,75,1,181.09,3,1,1,311,Needs Attention
15895,150,1,179.17,3,1,1,311,Needs Attention
17170,374,2,178.68,2,3,1,231,Needs Attention
17879,174,1,178.52,3,2,1,321,Needs Attention
13568,173,1,178.35,3,1,1,311,Needs Attention
13618,174,1,177.34,3,1,1,311,Needs Attention
17026,185,3,175.83,3,3,1,331,Needs Attention
17331,124,1,175.2,3,2,1,321,Needs Attention
17065,638,2,174.9,1,3,1,131,Needs Attention
14518,64,1,174.37,3,1,1,311,Needs Attention
13690,59,1,172.25,3,1,1,311,Needs Attention
15256,149,2,170.4,3,2,1,321,Needs Attention
18099,127,1,168.31,3,2,1,321,Needs Attention
13967,146,2,166.3,3,2,1,321,Needs Attention
18088,61,1,166.03,3,2,1,321,Needs Attention
13470,99,2,165.0,3,2,1,321,Needs Attention
16113,183,1,161.38,3,1,1,311,Needs Attention
18146,141,2,160.35,3,3,1,331,Needs Attention
13420,150,2,159.85,3,2,1,321,Needs Attention
13302,155,2,159.2,3,2,1,321,Needs Attention
16213,79,1,159.0,3,1,1,311,Needs Attention
15348,72,1,158.04,3,1,1,311,Needs Attention
15007,159,1,156.91,3,1,1,311,Needs Attention
14406,119,1,156.75,3,1,1,311,Needs Attention
15438,131,1,156.57999999999998,3,1,1,311,Needs Attention
15263,107,1,156.51,3,1,1,311,Needs Attention
17899,159,1,154.55,3,2,1,321,Needs Attention
12602,59,1,153.12,3,1,1,311,Needs Attention
16248,62,1,152.94,3,1,1,311,Needs Attention
17327,410,2,152.35,1,3,1,131,Needs Attention
18200,106,1,150.35,3,2,1,321,Needs Attention
17234,183,1,149.89,3,2,1,321,Needs Attention
17946,233,2,149.57999999999998,2,3,1,231,Needs Attention
13003,106,3,149.05,3,3,1,331,Needs Attention
15283,390,3,148.32999999999998,2,3,1,231,Needs Attention
17794,687,2,147.3,1,3,1,131,Needs Attention
17030,64,1,146.87,3,2,1,321,Needs Attention
18137,551,2,145.99,1,3,1,131,Needs Attention
13866,74,1,145.67,3,1,1,311,Needs Attention
15937,64,1,145.35000000000002,3,1,1,311,Needs Attention
14972,128,2,145.07,3,2,1,321,Needs Attention
15684,547,3,143.35,1,3,1,131,Needs Attention
17892,155,1,142.1,3,2,1,321,Needs Attention
13483,66,1,140.34,3,1,1,311,Needs Attention
16840,603,2,139.85,1,3,1,131,Needs Attention
15663,106,1,138.14,3,1,1,311,Needs Attention
16462,74,3,136.0,3,3,1,331,Needs Attention
12968,112,1,135.95,3,1,1,311,Needs Attention
17960,171,3,135.08,3,3,1,331,Needs Attention
12512,66,2,132.18,3,2,1,321,Needs Attention
14795,166,1,131.45000000000002,3,1,1,311,Needs Attention
14109,73,1,130.9,3,1,1,311,Needs Attention
12641,115,1,130.6,3,1,1,311,Needs Attention
13273,113,1,128.78,3,1,1,311,Needs Attention
13364,71,1,127.46000000000001,3,1,1,311,Needs Attention
15578,162,1,127.1,3,1,1,311,Needs Attention
17847,516,2,125.74000000000001,1,3,1,131,Needs Attention
13876,64,1,122.7,3,1,1,311,Needs Attention
13279,78,1,122.45,3,1,1,311,Needs Attention
14772,112,1,121.86,3,1,1,311,Needs Attention
13244,93,1,121.74000000000001,3,1,1,311,Needs Attention
17446,177,2,120.89999999999999,3,3,1,331,Needs Attention
14259,142,1,120.0,3,1,1,311,Needs Attention
17079,78,1,118.80000000000001,3,2,1,321,Needs Attention
14076,129,1,118.67,3,1,1,311,Needs Attention
16959,87,1,117.35000000000001,3,2,1,321,Needs Attention
16114,171,1,115.95000000000002,3,1,1,311,Needs Attention
14143,134,1,115.8,3,1,1,311,Needs Attention
16247,170,1,114.56,3,1,1,311,Needs Attention
14652,77,1,114.18,3,1,1,311,Needs Attention
16828,112,1,113.5,3,2,1,321,Needs Attention
12756,87,1,112.08,3,1,1,311,Needs Attention
13193,61,1,112.08,3,1,1,311,Needs Attention
15537,163,1,110.92,3,1,1,311,Needs Attention
16106,66,1,108.38,3,1,1,311,Needs Attention
16581,183,1,105.84,3,1,1,311,Needs Attention
14027,61,1,104.82,3,1,1,311,Needs Attention
14542,186,1,103.25,3,1,1,311,Needs Attention
17741,407,2,101.1,2,3,1,231,Needs Attention
16498,161,2,100.97,3,2,1,321,Needs Attention
17427,72,1,100.8,3,2,1,321,Needs Attention
17957,66,1,100.52,3,2,1,321,Needs Attention
18027,99,1,100.01,3,2,1,321,Needs Attention
17939,160,1,99.14,3,2,1,321,Needs Attention
17900,190,2,97.19999999999999,2,3,1,231,Needs Attention
14642,59,1,96.12,3,1,1,311,Needs Attention
17887,129,1,96.05,3,2,1,321,Needs Attention
18033,65,1,93.82000000000001,3,2,1,321,Needs Attention
14054,65,1,92.46000000000001,3,1,1,311,Needs Attention
13947,65,1,90.60000000000001,3,1,1,311,Needs Attention
14117,144,1,90.0,3,1,1,311,Needs Attention
15603,79,2,88.48,3,2,1,321,Needs Attention
12814,102,1,85.92,3,1,1,311,Needs Attention
15541,114,1,85.13000000000001,3,1,1,311,Needs Attention
17620,60,1,81.44,3,2,1,321,Needs Attention
17628,81,1,75.75,3,2,1,321,Needs Attention
13095,71,1,74.39999999999999,3,1,1,311,Needs Attention
17747,113,1,71.4,3,2,1,321,Needs Attention
12548,166,1,67.19999999999999,3,1,1,311,Needs Attention
13130,94,1,64.0,3,1,1,311,Needs Attention
13218,127,1,62.64,3,1,1,311,Needs Attention
15313,110,1,52.0,3,1,1,311,Needs Attention
17844,107,1,51.559999999999995,3,2,1,321,Needs Attention
14351,165,1,51.0,3,1,1,311,Needs Attention
17916,629,2,43.87,1,3,1,131,Needs Attention
17246,547,2,38.92,1,3,1,131,Needs Attention
15744,78,1,34.8,3,1,1,311,Needs Attention
16454,64,3,29.950000000000003,3,3,1,331,Needs Attention
16257,177,1,21.95,3,1,1,311,Needs Attention
16093,107,1,17.0,3,1,1,311,Needs Attention
16878,84,1,13.3,3,2,1,321,Needs Attention
14792,64,1,6.2,3,1,1,311,Needs Attention
12454,56,4,16459.78,4,3,5,435,Potential Loyalists
16000,3,3,12393.7,5,3,5,535,Potential Loyalists
12798,10,4,8510.93,5,3,5,535,Potential Loyalists
17084,35,3,4986.36,4,3,5,435,Potential Loyalists
12700,8,4,4389.19,5,3,5,535,Potential Loyalists
12432,43,4,4359.32,4,3,5,435,Potential Loyalists
15782,10,4,4014.1,5,3,5,535,Potential Loyalists
12578,21,4,3965.25,4,3,5,435,Potential Loyalists
12349,19,3,3663.39,4,3,5,435,Potential Loyalists
14737,4,4,3554.17,5,3,5,535,Potential Loyalists
12876,58,4,3539.39,4,3,5,435,Potential Loyalists
15113,10,3,3509.04,5,3,5,535,Potential Loyalists
15676,19,3,3403.36,5,3,5,535,Potential Loyalists
12865,26,4,3303.67,4,3,5,435,Potential Loyalists
16041,31,3,3166.4,4,3,5,435,Potential Loyalists
12597,19,4,3161.32,4,3,5,435,Potential Loyalists
14544,24,3,2928.33,4,3,5,435,Potential Loyalists
14842,44,4,2804.89,4,3,4,434,Potential Loyalists
14121,4,4,2762.75,5,3,4,534,Potential Loyalists
14125,11,3,2720.63,5,3,4,534,Potential Loyalists
12374,25,3,2651.82,4,3,4,434,Potential Loyalists
13644,16,4,2624.26,5,3,4,534,Potential Loyalists
14756,15,3,2603.76,5,3,4,534,Potential Loyalists
17317,46,3,2600.34,4,3,4,434,Potential Loyalists
12473,54,3,2585.73,4,3,4,434,Potential Loyalists
12456,44,3,2581.04,4,3,4,434,Potential Loyalists
13471,1,4,2501.84,5,3,4,534,Potential Loyalists
13507,3,4,2445.32,5,3,4,534,Potential Loyalists
13878,55,4,2363.5,4,3,4,434,Potential Loyalists
14295,40,4,2337.61,4,3,4,434,Potential Loyalists
12517,28,4,2270.2,4,3,4,434,Potential Loyalists
14554,10,4,2264.64,5,3,4,534,Potential Loyalists
14360,32,4,2118.03,4,3,4,434,Potential Loyalists
12586,17,4,2047.67,5,3,4,534,Potential Loyalists
15620,57,4,1942.36,4,3,4,434,Potential Loyalists
15478,40,3,1940.98,4,3,4,434,Potential Loyalists
15803,51,4,1929.66,4,3,4,434,Potential Loyalists
14418,4,3,1921.95,5,3,4,534,Potential Loyalists
14250,7,3,1904.05,5,3,4,534,Potential Loyalists
12674,39,4,1844.6,4,3,4,434,Potential Loyalists
12950,2,3,1843.0,5,3,4,534,Potential Loyalists
16102,42,3,1842.14,4,3,4,434,Potential Loyalists
17015,29,3,1838.61,4,3,4,434,Potential Loyalists
15678,53,3,1825.94,4,3,4,434,Potential Loyalists
14893,10,3,1809.6100000000001,5,3,4,534,Potential Loyalists
12610,23,4,1727.74,4,3,4,434,Potential Loyalists
14387,33,3,1727.6,4,3,4,434,Potential Loyalists
16671,28,3,1692.27,4,3,4,434,Potential Loyalists
13149,14,4,1676.06,5,3,4,534,Potential Loyalists
13308,23,4,1670.3700000000001,4,3,4,434,Potential Loyalists
13516,21,4,1650.46,4,3,4,434,Potential Loyalists
14904,2,4,1616.45,5,3,4,534,Potential Loyalists
14759,5,3,1599.3700000000001,5,3,4,534,Potential Loyalists
14336,17,4,1558.63,5,3,4,534,Potential Loyalists
14937,57,3,1528.68,4,3,4,434,Potential Loyalists
13186,40,3,1526.0900000000001,4,3,4,434,Potential Loyalists
17977,29,2,1511.45,4,3,4,434,Potential Loyalists
15701,2,4,1509.95,5,3,4,534,Potential Loyalists
15948,8,3,1509.0900000000001,5,3,4,534,Potential Loyalists
13363,18,3,1486.16,5,3,4,534,Potential Loyalists
15630,45,3,1481.4,4,3,4,434,Potential Loyalists
13500,23,4,1466.3,4,3,4,434,Potential Loyalists
13165,46,3,1451.1599999999999,4,3,4,434,Potential Loyalists
17590,2,3,1436.47,5,3,4,534,Potential Loyalists
14412,43,3,1426.19,4,3,4,434,Potential Loyalists
13159,9,4,1423.55,5,3,4,534,Potential Loyalists
13278,41,4,1423.45,4,3,4,434,Potential Loyalists
14019,47,3,1421.6100000000001,4,3,4,434,Potential Loyalists
15427,33,3,1420.64,4,3,4,434,Potential Loyalists
12381,5,3,1416.31,5,3,4,534,Potential Loyalists
15468,51,3,1413.98,4,3,4,434,Potential Loyalists
16245,24,3,1413.66,4,3,4,434,Potential Loyalists
15237,2,4,1397.32,5,3,4,534,Potential Loyalists
17878,44,3,1362.93,4,3,4,434,Potential Loyalists
12657,11,4,1351.58,5,3,4,534,Potential Loyalists
12952,6,4,1348.19,5,3,4,534,Potential Loyalists
14550,11,4,1345.06,5,3,4,534,Potential Loyalists
16367,37,3,1342.98,4,3,4,434,Potential Loyalists
16079,17,3,1336.7,5,3,4,534,Potential Loyalists
15116,18,4,1332.95,5,3,4,534,Potential Loyalists
17932,29,3,1331.57,4,3,4,434,Potential Loyalists
14712,29,4,1328.0700000000002,4,3,4,434,Potential Loyalists
14591,15,4,1320.21,5,3,4,534,Potential Loyalists
15411,26,4,1317.28,4,3,4,434,Potential Loyalists
13282,18,4,1313.19,5,3,4,534,Potential Loyalists
18167,23,3,1308.66,4,3,4,434,Potential Loyalists
13846,25,4,1307.79,4,3,4,434,Potential Loyalists
15677,49,3,1305.6299999999999,4,3,4,434,Potential Loyalists
14480,11,4,1299.52,5,3,4,534,Potential Loyalists
16464,20,3,1298.66,4,3,4,434,Potential Loyalists
12783,2,4,1295.8700000000001,5,3,4,534,Potential Loyalists
15621,4,4,1293.03,5,3,4,534,Potential Loyalists
15136,3,4,1286.7,5,3,4,534,Potential Loyalists
15471,2,3,1279.66,5,3,4,534,Potential Loyalists
14284,31,3,1264.8500000000001,4,3,4,434,Potential Loyalists
14427,50,4,1263.52,4,3,4,434,Potential Loyalists
15009,12,3,1259.43,5,3,4,534,Potential Loyalists
14383,38,3,1247.69,4,3,4,434,Potential Loyalists
14240,30,3,1247.49,4,3,4,434,Potential Loyalists
14725,25,4,1244.31,4,3,4,434,Potential Loyalists
15664,51,4,1231.53,4,3,4,434,Potential Loyalists
18080,19,2,1231.5,5,3,4,534,Potential Loyalists
14297,18,4,1228.83,5,3,4,534,Potential Loyalists
12488,10,3,1227.26,5,3,4,534,Potential Loyalists
15269,24,3,1225.3600000000001,4,3,4,434,Potential Loyalists
12620,15,3,1217.25,5,3,4,534,Potential Loyalists
15376,40,3,1213.76,4,3,4,434,Potential Loyalists
12364,8,4,1208.1,5,3,4,534,Potential Loyalists
16762,20,3,1207.24,4,3,4,434,Potential Loyalists
15599,27,3,1205.3,4,3,4,434,Potential Loyalists
14379,44,4,1203.96,4,3,4,434,Potential Loyalists
18263,26,3,1194.2,4,3,3,433,Potential Loyalists
14382,26,2,1191.08,4,2,3,423,Potential Loyalists
16345,44,2,1178.79,4,2,3,423,Potential Loyalists
17397,22,3,1177.18,4,3,3,433,Potential Loyalists
14020,17,4,1177.01,5,3,3,533,Potential Loyalists
15068,46,4,1174.9,4,3,3,433,Potential Loyalists
12526,1,3,1172.66,5,3,3,533,Potential Loyalists
12463,53,4,1170.18,4,3,3,433,Potential Loyalists
15994,55,3,1165.48,4,3,3,433,Potential Loyalists
14261,51,2,1163.45,4,2,3,423,Potential Loyalists
13897,50,3,1160.72,4,3,3,433,Potential Loyalists
15088,21,2,1160.07,4,2,3,423,Potential Loyalists
14126,8,4,1157.46,5,3,3,533,Potential Loyalists
17169,58,3,1156.73,4,3,3,433,Potential Loyalists
14788,7,3,1156.32,5,3,3,533,Potential Loyalists
16800,11,1,1151.05,5,2,3,523,Potential Loyalists
12673,5,3,1140.02,5,3,3,533,Potential Loyalists
13601,45,4,1134.49,4,3,3,433,Potential Loyalists
12689,26,2,1129.41,4,2,3,423,Potential Loyalists
13447,23,3,1129.14,4,3,3,433,Potential Loyalists
15145,4,4,1126.93,5,3,3,533,Potential Loyalists
17500,17,3,1121.5,5,3,3,533,Potential Loyalists
15500,8,4,1121.3600000000001,5,3,3,533,Potential Loyalists
17423,46,3,1118.95,4,3,3,433,Potential Loyalists
13091,28,2,1108.8,4,2,3,423,Potential Loyalists
15933,21,3,1107.46,4,3,3,433,Potential Loyalists
14139,46,4,1086.8,4,3,3,433,Potential Loyalists
14971,35,3,1082.68,4,3,3,433,Potential Loyalists
15745,19,4,1079.74,5,3,3,533,Potential Loyalists
13726,39,2,1079.66,4,2,3,423,Potential Loyalists
16642,5,3,1077.45,5,3,3,533,Potential Loyalists
13607,40,2,1075.81,4,2,3,423,Potential Loyalists
13467,11,2,1071.91,5,2,3,523,Potential Loyalists
14484,50,4,1070.98,4,3,3,433,Potential Loyalists
13521,1,3,1070.47,5,3,3,533,Potential Loyalists
16386,29,3,1068.16,4,3,3,433,Potential Loyalists
12475,54,2,1065.64,4,2,3,423,Potential Loyalists
12936,17,4,1063.9,5,3,3,533,Potential Loyalists
15436,12,3,1062.99,5,3,3,533,Potential Loyalists
16533,19,3,1061.31,5,3,3,533,Potential Loyalists
15645,19,3,1054.75,5,3,3,533,Potential Loyalists
15977,17,2,1054.73,5,2,3,523,Potential Loyalists
15238,29,3,1052.19,4,3,3,433,Potential Loyalists
17934,52,3,1049.15,4,3,3,433,Potential Loyalists
14108,31,4,1044.96,4,3,3,433,Potential Loyalists
15407,34,4,1042.74,4,3,3,433,Potential Loyalists
17727,15,1,1040.45,5,2,3,523,Potential Loyalists
15763,32,2,1039.52,4,2,3,423,Potential Loyalists
18130,15,3,1035.99,5,3,3,533,Potential Loyalists
14902,26,3,1035.6200000000001,4,3,3,433,Potential Loyalists
14204,2,4,1024.83,5,3,3,533,Potential Loyalists
16903,29,3,1022.7,4,3,3,433,Potential Loyalists
12546,47,2,1021.5,4,2,3,423,Potential Loyalists
16284,31,3,1018.48,4,3,3,433,Potential Loyalists
14675,16,2,1015.58,5,2,3,523,Potential Loyalists
15839,33,3,1013.69,4,3,3,433,Potential Loyalists
15951,9,3,1013.1700000000001,5,3,3,533,Potential Loyalists
17197,30,1,1013.01,4,2,3,423,Potential Loyalists
12630,10,2,1011.08,5,2,3,523,Potential Loyalists
13429,11,4,1006.8,5,3,3,533,Potential Loyalists
15801,46,3,1005.9,4,3,3,433,Potential Loyalists
17405,1,3,1000.8100000000001,5,3,3,533,Potential Loyalists
17205,54,3,999.35,4,3,3,433,Potential Loyalists
14775,58,3,996.9,4,3,3,433,Potential Loyalists
13867,31,3,984.69,4,3,3,433,Potential Loyalists
17144,1,2,984.57,5,3,3,533,Potential Loyalists
18160,57,3,984.08,4,3,3,433,Potential Loyalists
12640,24,3,977.1800000000001,4,3,3,433,Potential Loyalists
15406,31,4,975.87,4,3,3,433,Potential Loyalists
15449,26,3,974.52,4,3,3,433,Potential Loyalists
12994,4,3,974.42,5,3,3,533,Potential Loyalists
13245,51,2,973.92,4,2,3,423,Potential Loyalists
17100,18,2,971.74,5,3,3,533,Potential Loyalists
14953,25,4,967.37,4,3,3,433,Potential Loyalists
14138,2,2,965.88,5,2,3,523,Potential Loyalists
16376,9,2,963.36,5,2,3,523,Potential Loyalists
15156,1,3,961.49,5,3,3,533,Potential Loyalists
16535,5,2,952.04,5,2,3,523,Potential Loyalists
12403,50,2,947.36,4,2,3,423,Potential Loyalists
15385,40,3,942.08,4,3,3,433,Potential Loyalists
13416,44,3,940.8000000000001,4,3,3,433,Potential Loyalists
13046,31,3,932.75,4,3,3,433,Potential Loyalists
15787,26,3,928.31,4,3,3,433,Potential Loyalists
14629,4,2,925.56,5,2,3,523,Potential Loyalists
13805,52,2,924.5999999999999,4,2,3,423,Potential Loyalists
15957,32,3,921.25,4,3,3,433,Potential Loyalists
12462,19,2,920.1899999999999,4,2,3,423,Potential Loyalists
12572,9,2,912.4200000000001,5,2,3,523,Potential Loyalists
14359,19,3,912.1800000000001,5,3,3,533,Potential Loyalists
15097,4,3,908.35,5,3,3,533,Potential Loyalists
15654,9,2,907.53,5,2,3,523,Potential Loyalists
12642,25,3,905.26,4,3,3,433,Potential Loyalists
15707,35,4,900.98,4,3,3,433,Potential Loyalists
12940,55,2,899.69,4,2,3,423,Potential Loyalists
15025,33,2,895.34,4,2,3,423,Potential Loyalists
15525,2,4,887.72,5,3,3,533,Potential Loyalists
17537,30,2,887.6700000000001,4,3,3,433,Potential Loyalists
12716,4,2,886.99,5,2,3,523,Potential Loyalists
16900,17,3,882.16,5,3,3,533,Potential Loyalists
15907,4,3,881.87,5,3,3,533,Potential Loyalists
13350,16,2,879.12,5,2,3,523,Potential Loyalists
14141,3,4,875.5300000000001,5,3,3,533,Potential Loyalists
15469,50,3,874.25,4,3,3,433,Potential Loyalists
14140,4,2,873.85,5,2,3,523,Potential Loyalists
14714,24,4,871.44,4,3,3,433,Potential Loyalists
13200,19,4,870.09,4,3,3,433,Potential Loyalists
17566,8,2,869.77,5,3,3,533,Potential Loyalists
14931,5,4,864.6800000000001,5,3,3,533,Potential Loyalists
15992,4,3,861.8000000000001,5,3,3,533,Potential Loyalists
16204,23,3,859.11,4,3,3,433,Potential Loyalists
17064,59,3,855.45,4,3,3,433,Potential Loyalists
16070,22,2,852.15,4,2,3,423,Potential Loyalists
16020,17,3,851.01,5,3,3,533,Potential Loyalists
12794,53,2,843.01,4,2,3,423,Potential Loyalists
14862,26,2,841.2,4,2,3,423,Potential Loyalists
12541,30,3,841.18,4,3,3,433,Potential Loyalists
14929,32,2,836.69,4,2,3,423,Potential Loyalists
16747,38,2,836.0600000000001,4,2,3,423,Potential Loyalists
16737,53,2,835.2,4,2,3,423,Potential Loyalists
16924,21,3,829.89,4,3,3,433,Potential Loyalists
14087,3,3,829.47,5,3,3,533,Potential Loyalists
14851,23,3,829.41,4,3,3,433,Potential Loyalists
12953,10,2,828.8100000000001,5,2,3,523,Potential Loyalists
13681,18,4,827.83,5,3,3,533,Potential Loyalists
13810,29,2,827.51,4,2,3,423,Potential Loyalists
16164,17,3,822.48,5,3,3,533,Potential Loyalists
13940,17,4,821.74,5,3,3,533,Potential Loyalists
16680,43,3,821.45,4,3,3,433,Potential Loyalists
16846,50,3,817.21,4,3,3,433,Potential Loyalists
15399,1,3,815.77,5,3,3,533,Potential Loyalists
16460,28,3,811.23,4,3,3,433,Potential Loyalists
13637,52,3,803.05,4,3,3,433,Potential Loyalists
16127,39,2,801.3100000000001,4,2,3,423,Potential Loyalists
16863,31,3,799.47,4,3,3,433,Potential Loyalists
12787,10,4,799.1800000000001,5,3,3,533,Potential Loyalists
15533,19,3,797.67,5,3,3,533,Potential Loyalists
18084,16,3,795.23,5,3,3,533,Potential Loyalists
12680,1,4,790.81,5,3,3,533,Potential Loyalists
16759,8,3,789.79,5,3,3,533,Potential Loyalists
13212,20,3,786.83,4,3,3,433,Potential Loyalists
15806,46,3,784.58,4,3,3,433,Potential Loyalists
13389,11,3,782.96,5,3,3,533,Potential Loyalists
15679,24,4,781.28,4,3,3,433,Potential Loyalists
15239,10,2,780.59,5,2,3,523,Potential Loyalists
18228,57,2,779.9,4,3,3,433,Potential Loyalists
15831,58,3,779.52,4,3,3,433,Potential Loyalists
14815,37,2,778.5,4,2,3,423,Potential Loyalists
15618,33,4,776.851,4,3,3,433,Potential Loyalists
14997,46,4,776.6,4,3,3,433,Potential Loyalists
15743,16,4,775.96,5,3,3,533,Potential Loyalists
15773,6,2,774.52,5,2,3,523,Potential Loyalists
18058,10,3,774.06,5,3,3,533,Potential Loyalists
12991,23,3,764.82,4,3,3,433,Potential Loyalists
16602,36,2,763.33,4,2,3,423,Potential Loyalists
15428,15,4,762.75,5,3,3,533,Potential Loyalists
14690,44,4,762.38,4,3,3,433,Potential Loyalists
17425,19,2,759.1700000000001,5,3,3,533,Potential Loyalists
18246,24,3,758.8199999999999,4,3,3,433,Potential Loyalists
13034,55,3,756.82,4,3,3,433,Potential Loyalists
18104,37,1,754.64,4,2,3,423,Potential Loyalists
14234,22,4,754.12,4,3,3,433,Potential Loyalists
18034,22,3,753.35,4,3,3,433,Potential Loyalists
15006,51,2,747.03,4,2,3,423,Potential Loyalists
17387,20,2,746.81,4,3,3,433,Potential Loyalists
14050,32,2,746.36,4,2,3,423,Potential Loyalists
13236,25,2,744.85,4,2,3,423,Potential Loyalists
15414,10,3,744.6,5,3,3,533,Potential Loyalists
17466,10,2,743.48,5,3,3,533,Potential Loyalists
17038,30,2,743.17,4,3,3,433,Potential Loyalists
16730,52,3,743.11,4,3,3,433,Potential Loyalists
13721,36,2,741.54,4,2,3,423,Potential Loyalists
12697,29,3,737.79,4,3,3,433,Potential Loyalists
13030,11,2,737.14,5,2,3,523,Potential Loyalists
15988,19,3,736.39,5,3,3,533,Potential Loyalists
13314,2,3,736.34,5,3,3,533,Potential Loyalists
17461,23,3,735.82,4,3,3,433,Potential Loyalists
15720,24,2,733.42,4,2,3,423,Potential Loyalists
12628,4,3,732.46,5,3,3,533,Potential Loyalists
15656,45,4,731.1,4,3,3,433,Potential Loyalists
13950,11,4,730.0600000000001,5,3,3,533,Potential Loyalists
13569,17,4,720.09,5,3,3,533,Potential Loyalists
12588,39,3,718.78,4,3,3,433,Potential Loyalists
13780,7,3,717.22,5,3,3,533,Potential Loyalists
15274,4,2,716.57,5,2,3,523,Potential Loyalists
15330,32,2,714.9599999999999,4,2,3,423,Potential Loyalists
16023,46,3,714.71,4,3,3,433,Potential Loyalists
13147,10,4,712.8,5,3,3,533,Potential Loyalists
17761,33,1,712.78,4,2,3,423,Potential Loyalists
15568,3,3,712.39,5,3,3,533,Potential Loyalists
14470,12,3,712.04,5,3,3,533,Potential Loyalists
13103,40,3,709.64,4,3,3,433,Potential Loyalists
12890,24,2,706.02,4,2,3,423,Potential Loyalists
16364,12,2,705.79,5,2,3,523,Potential Loyalists
16015,4,3,704.26,5,3,3,533,Potential Loyalists
17495,8,3,699.62,5,3,3,533,Potential Loyalists
12925,5,3,699.48,5,3,3,533,Potential Loyalists
16415,44,3,696.76,4,3,3,433,Potential Loyalists
14179,41,2,695.17,4,2,3,423,Potential Loyalists
15053,5,3,693.95,5,3,3,533,Potential Loyalists
17733,39,2,692.19,4,3,3,433,Potential Loyalists
17198,24,3,689.67,4,3,3,433,Potential Loyalists
12504,18,4,689.05,5,3,3,533,Potential Loyalists
15669,40,4,684.34,4,3,3,433,Potential Loyalists
12883,25,4,683.67,4,3,3,433,Potential Loyalists
15103,31,2,683.5600000000001,4,2,3,423,Potential Loyalists
15582,25,3,682.9100000000001,4,3,3,433,Potential Loyalists
12465,17,2,682.19,5,2,3,523,Potential Loyalists
12638,33,2,681.49,4,2,3,423,Potential Loyalists
13430,19,2,679.45,4,2,3,423,Potential Loyalists
13255,9,3,678.76,5,3,3,533,Potential Loyalists
14111,14,4,677.85,5,3,3,533,Potential Loyalists
13974,49,2,677.72,4,2,3,423,Potential Loyalists
13040,9,2,676.99,5,2,3,523,Potential Loyalists
14504,47,4,673.26,4,3,3,433,Potential Loyalists
16648,43,3,672.8,4,3,3,433,Potential Loyalists
17418,42,3,670.0600000000001,4,3,3,433,Potential Loyalists
16824,16,3,669.74,5,3,3,533,Potential Loyalists
18082,26,1,669.24,4,2,3,423,Potential Loyalists
12427,22,3,669.2,4,3,3,433,Potential Loyalists
18123,24,3,666.64,4,3,3,433,Potential Loyalists
13596,6,2,664.11,5,2,3,523,Potential Loyalists
14720,6,3,663.81,5,3,3,533,Potential Loyalists
15492,28,2,659.46,4,2,3,423,Potential Loyalists
13759,33,2,659.4100000000001,4,2,3,423,Potential Loyalists
14452,11,4,658.95,5,3,3,533,Potential Loyalists
14150,36,2,658.64,4,2,3,423,Potential Loyalists
17459,43,2,657.3,4,3,3,433,Potential Loyalists
16157,16,3,656.69,5,3,3,533,Potential Loyalists
16708,46,1,656.63,4,2,3,423,Potential Loyalists
18156,13,2,655.84,5,3,3,533,Potential Loyalists
13496,11,2,653.33,5,2,3,523,Potential Loyalists
16887,35,3,653.22,4,3,3,433,Potential Loyalists
17011,30,3,651.9,4,3,3,433,Potential Loyalists
17779,21,3,650.32,4,3,3,433,Potential Loyalists
12844,29,4,648.6,4,3,3,433,Potential Loyalists
17777,25,3,647.56,4,3,3,433,Potential Loyalists
16734,52,3,646.76,4,3,3,433,Potential Loyalists
15184,29,4,645.69,4,3,3,433,Potential Loyalists
16185,17,3,644.72,5,3,3,533,Potential Loyalists
14034,22,3,643.9399999999999,4,3,3,433,Potential Loyalists
15297,10,3,641.94,5,3,3,533,Potential Loyalists
14537,58,2,641.4,4,2,3,423,Potential Loyalists
15012,54,3,641.21,4,3,3,433,Potential Loyalists
13318,1,3,640.76,5,3,3,533,Potential Loyalists
12538,29,2,640.45,4,2,3,423,Potential Loyalists
13028,23,2,637.92,4,2,3,423,Potential Loyalists
14664,20,2,636.24,4,2,3,423,Potential Loyalists
16969,39,3,635.41,4,3,3,433,Potential Loyalists
14219,4,3,633.83,5,3,3,533,Potential Loyalists
13822,6,2,632.0,5,2,3,523,Potential Loyalists
17985,22,1,631.35,4,2,3,423,Potential Loyalists
16601,41,3,629.23,4,3,3,433,Potential Loyalists
13525,15,2,628.78,5,2,3,523,Potential Loyalists
13914,12,2,626.45,5,2,3,523,Potential Loyalists
16368,2,3,621.44,5,3,3,533,Potential Loyalists
16495,3,3,617.66,5,3,3,533,Potential Loyalists
16311,18,2,616.26,5,2,3,523,Potential Loyalists
16847,43,2,614.89,4,3,3,433,Potential Loyalists
14381,52,2,610.64,4,2,3,423,Potential Loyalists
14636,36,2,609.85,4,2,3,423,Potential Loyalists
15748,40,3,609.81,4,3,3,433,Potential Loyalists
14793,21,2,606.1,4,2,3,423,Potential Loyalists
15158,45,2,606.02,4,2,3,423,Potential Loyalists
12944,36,2,604.51,4,2,3,423,Potential Loyalists
13311,4,2,598.57,5,2,3,523,Potential Loyalists
17658,26,2,595.42,4,3,2,432,Potential Loyalists
12556,50,2,594.46,4,2,2,422,Potential Loyalists
13832,19,2,592.49,5,2,2,522,Potential Loyalists
13558,6,4,591.97,5,3,2,532,Potential Loyalists
15524,25,2,591.4,4,2,2,422,Potential Loyalists
17014,8,3,583.4300000000001,5,3,2,532,Potential Loyalists
16399,19,3,577.87,5,3,2,532,Potential Loyalists
12879,45,3,573.22,4,3,2,432,Potential Loyalists
17274,35,2,573.22,4,3,2,432,Potential Loyalists
15368,21,2,571.54,4,2,2,422,Potential Loyalists
15857,19,2,570.48,5,2,2,522,Potential Loyalists
14023,7,2,566.67,5,2,2,522,Potential Loyalists
18150,32,3,566.58,4,3,2,432,Potential Loyalists
13894,24,3,564.62,4,3,2,432,Potential Loyalists
16720,26,3,564.1899999999999,4,3,2,432,Potential Loyalists
15597,35,2,563.37,4,2,2,422,Potential Loyalists
14569,1,4,562.53,5,3,2,532,Potential Loyalists
13379,26,3,562.36,4,3,2,432,Potential Loyalists
17233,35,3,560.86,4,3,2,432,Potential Loyalists
14273,51,4,559.97,4,3,2,432,Potential Loyalists
17503,3,2,558.96,5,3,2,532,Potential Loyalists
14592,35,3,557.94,4,3,2,432,Potential Loyalists
16343,16,3,555.47,5,3,2,532,Potential Loyalists
15634,17,2,554.65,5,2,2,522,Potential Loyalists
15821,44,2,554.46,4,2,2,422,Potential Loyalists
15598,53,2,548.02,4,2,2,422,Potential Loyalists
16811,5,2,547.07,5,3,2,532,Potential Loyalists
17637,31,2,547.0600000000001,4,3,2,432,Potential Loyalists
17520,54,1,546.81,4,2,2,422,Potential Loyalists
17806,11,1,546.04,5,2,2,522,Potential Loyalists
17295,29,3,545.55,4,3,2,432,Potential Loyalists
17119,3,2,544.51,5,3,2,532,Potential Loyalists
15344,1,3,544.14,5,3,2,532,Potential Loyalists
16936,26,2,543.19,4,3,2,432,Potential Loyalists
12719,5,2,542.35,5,2,2,522,Potential Loyalists
17447,40,2,541.53,4,3,2,432,Potential Loyalists
14539,16,2,537.48,5,2,2,522,Potential Loyalists
16804,23,3,536.99,4,3,2,432,Potential Loyalists
13207,15,4,535.86,5,3,2,532,Potential Loyalists
13594,53,2,533.32,4,2,2,422,Potential Loyalists
15659,44,3,532.49,4,3,2,432,Potential Loyalists
15115,18,2,531.85,5,2,2,522,Potential Loyalists
16706,37,3,531.35,4,3,2,432,Potential Loyalists
18043,25,3,529.29,4,3,2,432,Potential Loyalists
16406,19,3,528.36,5,3,2,532,Potential Loyalists
14716,43,3,527.98,4,3,2,432,Potential Loyalists
15467,9,3,524.88,5,3,2,532,Potential Loyalists
17712,45,1,522.91,4,2,2,422,Potential Loyalists
16413,57,2,522.03,4,2,2,422,Potential Loyalists
15919,20,2,520.74,4,2,2,422,Potential Loyalists
12571,40,2,519.61,4,2,2,422,Potential Loyalists
17999,37,3,519.0600000000001,4,3,2,432,Potential Loyalists
18205,36,2,517.36,4,3,2,432,Potential Loyalists
17510,25,2,514.56,4,3,2,432,Potential Loyalists
16561,6,2,511.12,5,2,2,522,Potential Loyalists
17458,15,2,509.73,5,3,2,532,Potential Loyalists
13710,32,3,509.52,4,3,2,432,Potential Loyalists
17384,19,3,507.55,5,3,2,532,Potential Loyalists
13865,58,4,501.56,4,3,2,432,Potential Loyalists
13247,18,4,501.12,5,3,2,532,Potential Loyalists
16616,15,2,500.42,5,2,2,522,Potential Loyalists
13816,24,2,499.67,4,2,2,422,Potential Loyalists
16488,33,3,498.8,4,3,2,432,Potential Loyalists
14968,30,2,497.49,4,2,2,422,Potential Loyalists
17680,24,3,497.45000000000005,4,3,2,432,Potential Loyalists
15018,39,3,496.21,4,3,2,432,Potential Loyalists
12904,18,2,496.06,5,2,2,522,Potential Loyalists
16352,18,2,494.44,5,2,2,522,Potential Loyalists
15877,2,2,490.33,5,2,2,522,Potential Loyalists
14416,22,2,490.22,4,2,2,422,Potential Loyalists
17453,18,2,486.72,5,3,2,532,Potential Loyalists
12920,17,4,486.64,5,3,2,532,Potential Loyalists
13812,42,3,485.0,4,3,2,432,Potential Loyalists
16999,23,2,484.82,4,3,2,432,Potential Loyalists
18216,31,1,481.75,4,2,2,422,Potential Loyalists
13428,10,3,478.54,5,3,2,532,Potential Loyalists
15277,47,2,476.34000000000003,4,2,2,422,Potential Loyalists
16024,12,3,476.15999999999997,5,3,2,532,Potential Loyalists
14975,57,2,472.39,4,2,2,422,Potential Loyalists
13066,24,2,470.8,4,2,2,422,Potential Loyalists
17254,5,3,469.48,5,3,2,532,Potential Loyalists
13171,22,3,468.41,4,3,2,432,Potential Loyalists
14052,20,2,466.66,4,2,2,422,Potential Loyalists
13928,11,4,464.57,5,3,2,532,Potential Loyalists
15540,11,2,460.68,5,2,2,522,Potential Loyalists
17111,47,2,459.58,4,3,2,432,Potential Loyalists
15121,50,2,457.72,4,2,2,422,Potential Loyalists
17344,46,2,457.36,4,3,2,432,Potential Loyalists
15963,20,2,454.26,4,2,2,422,Potential Loyalists
17564,24,3,454.01,4,3,2,432,Potential Loyalists
18158,9,2,453.4,5,3,2,532,Potential Loyalists
15124,23,4,450.82,4,3,2,432,Potential Loyalists
17964,32,2,450.46,4,3,2,432,Potential Loyalists
12596,51,2,450.27,4,2,2,422,Potential Loyalists
14784,26,3,449.93,4,3,2,432,Potential Loyalists
14780,55,2,447.68,4,2,2,422,Potential Loyalists
14954,12,2,446.82,5,2,2,522,Potential Loyalists
18270,38,3,444.55,4,3,2,432,Potential Loyalists
13954,2,2,439.92,5,2,2,522,Potential Loyalists
16968,4,2,439.43,5,3,2,532,Potential Loyalists
16038,8,3,436.98,5,3,2,532,Potential Loyalists
14910,3,4,434.35,5,3,2,532,Potential Loyalists
12384,29,2,425.27000000000004,4,2,2,422,Potential Loyalists
18240,46,1,422.58,4,2,2,422,Potential Loyalists
16149,5,3,422.21999999999997,5,3,2,532,Potential Loyalists
15206,10,4,420.3,5,3,2,532,Potential Loyalists
17232,3,2,417.77,5,3,2,532,Potential Loyalists
13565,19,3,414.8,4,3,2,432,Potential Loyalists
13669,51,3,413.55,4,3,2,432,Potential Loyalists
17767,15,2,413.05,5,3,2,532,Potential Loyalists
16773,57,3,412.69,4,3,2,432,Potential Loyalists
16932,53,3,412.55,4,3,2,432,Potential Loyalists
12827,6,3,410.35,5,3,2,532,Potential Loyalists
16243,34,2,409.1,4,2,2,422,Potential Loyalists
14581,17,2,404.7,5,2,2,522,Potential Loyalists
13827,58,3,404.0,4,3,2,432,Potential Loyalists
14335,16,2,403.86,5,2,2,522,Potential Loyalists
17785,53,3,403.38,4,3,2,432,Potential Loyalists
14494,26,3,401.46,4,3,2,432,Potential Loyalists
17052,28,1,399.09,4,2,2,422,Potential Loyalists
17830,2,3,398.7,5,3,2,532,Potential Loyalists
15429,27,2,397.35,4,2,2,422,Potential Loyalists
18067,40,1,396.33,4,2,2,422,Potential Loyalists
13083,4,3,395.43,5,3,2,532,Potential Loyalists
18110,20,2,392.28000000000003,4,3,2,432,Potential Loyalists
17379,11,1,389.71999999999997,5,2,2,522,Potential Loyalists
17286,22,3,389.18,4,3,2,432,Potential Loyalists
13899,16,2,388.52,5,2,2,522,Potential Loyalists
13673,19,2,387.44,4,2,2,422,Potential Loyalists
17595,12,2,386.69,5,3,2,532,Potential Loyalists
17614,57,1,386.32,4,2,2,422,Potential Loyalists
17711,11,2,385.1,5,3,2,532,Potential Loyalists
16433,28,2,384.52,4,2,2,422,Potential Loyalists
17357,24,2,384.39,4,3,2,432,Potential Loyalists
15440,55,3,383.68,4,3,2,432,Potential Loyalists
12832,32,2,383.03000000000003,4,2,2,422,Potential Loyalists
17403,36,2,382.87,4,3,2,432,Potential Loyalists
16988,5,2,382.67,5,3,2,532,Potential Loyalists
12508,26,2,382.58,4,2,2,422,Potential Loyalists
17250,4,2,381.97,5,3,2,532,Potential Loyalists
17573,29,3,380.6,4,3,2,432,Potential Loyalists
17936,5,1,380.13,5,2,2,522,Potential Loyalists
14731,47,3,380.02,4,3,2,432,Potential Loyalists
18164,37,1,379.85,4,2,2,422,Potential Loyalists
12445,22,2,378.98,4,2,2,422,Potential Loyalists
16930,26,3,378.89,4,3,2,432,Potential Loyalists
12375,11,2,377.5,5,2,2,522,Potential Loyalists
17736,9,3,377.44,5,3,2,532,Potential Loyalists
17489,59,2,376.64,4,3,2,432,Potential Loyalists
17078,36,2,375.86,4,3,2,432,Potential Loyalists
14448,9,2,375.35,5,2,2,522,Potential Loyalists
12895,42,2,372.8,4,2,2,422,Potential Loyalists
12981,30,2,372.21999999999997,4,2,2,422,Potential Loyalists
15522,33,2,367.39,4,2,2,422,Potential Loyalists
13657,11,2,367.14,5,2,2,522,Potential Loyalists
17911,9,1,366.23,5,2,2,522,Potential Loyalists
15949,17,2,364.72,5,2,2,522,Potential Loyalists
14598,44,2,363.64,4,2,2,422,Potential Loyalists
14594,7,2,363.33,5,2,2,522,Potential Loyalists
13962,22,3,362.8,4,3,2,432,Potential Loyalists
16856,15,3,358.49,5,3,2,532,Potential Loyalists
16971,38,1,357.21,4,2,2,422,Potential Loyalists
18040,19,2,357.20000000000005,5,3,2,532,Potential Loyalists
15986,30,2,354.42,4,2,2,422,Potential Loyalists
12498,21,3,349.70000000000005,4,3,2,432,Potential Loyalists
17772,11,3,348.0,5,3,2,532,Potential Loyalists
17668,1,2,347.75,5,3,2,532,Potential Loyalists
15781,25,3,345.46000000000004,4,3,2,432,Potential Loyalists
13068,10,2,344.0,5,2,2,522,Potential Loyalists
18081,36,3,343.45,4,3,2,432,Potential Loyalists
16851,4,3,342.45,5,3,2,532,Potential Loyalists
17835,3,3,342.24,5,3,2,532,Potential Loyalists
16826,51,1,341.7,4,2,2,422,Potential Loyalists
13930,58,2,337.34,4,2,2,422,Potential Loyalists
17973,52,1,337.04,4,2,2,422,Potential Loyalists
15883,2,2,335.28,5,2,2,522,Potential Loyalists
17917,45,3,335.03,4,3,2,432,Potential Loyalists
13904,37,2,332.64,4,2,2,422,Potential Loyalists
16478,25,3,331.0,4,3,2,432,Potential Loyalists
14517,33,2,330.45,4,2,2,422,Potential Loyalists
16855,24,2,328.40000000000003,4,3,2,432,Potential Loyalists
16322,1,2,326.75,5,2,2,522,Potential Loyalists
14799,51,2,326.55,4,2,2,422,Potential Loyalists
17914,4,1,325.96,5,2,2,522,Potential Loyalists
18261,43,2,324.24,4,3,2,432,Potential Loyalists
15432,23,2,320.76,4,2,2,422,Potential Loyalists
17839,42,1,318.15,4,2,2,422,Potential Loyalists
13817,29,2,316.38,4,2,2,422,Potential Loyalists
18117,26,1,314.4,4,2,2,422,Potential Loyalists
17928,45,3,313.16,4,3,2,432,Potential Loyalists
17181,57,3,309.85,4,3,2,432,Potential Loyalists
16956,18,1,308.74,5,2,2,522,Potential Loyalists
18059,23,3,306.46,4,3,2,432,Potential Loyalists
15163,18,2,304.47,5,2,2,522,Potential Loyalists
17383,4,2,304.09000000000003,5,3,2,532,Potential Loyalists
15054,12,2,302.1,5,2,2,522,Potential Loyalists
16674,55,2,301.69,4,2,2,422,Potential Loyalists
15458,25,2,300.84000000000003,4,2,2,422,Potential Loyalists
16479,10,2,300.83,5,2,2,522,Potential Loyalists
17824,51,1,298.4,4,2,2,422,Potential Loyalists
17301,21,2,294.39,4,3,2,432,Potential Loyalists
13739,18,2,292.2,5,2,2,522,Potential Loyalists
15060,8,4,292.17,5,3,2,532,Potential Loyalists
17793,25,1,287.59,4,2,2,422,Potential Loyalists
15545,54,2,286.42,4,2,2,422,Potential Loyalists
17636,19,1,285.56,5,2,2,522,Potential Loyalists
17359,11,2,284.46,5,3,2,532,Potential Loyalists
16557,24,2,281.85,4,2,2,422,Potential Loyalists
18042,54,2,281.15,4,3,2,432,Potential Loyalists
17247,15,1,280.09000000000003,5,2,1,521,Potential Loyalists
15355,29,2,277.05,4,2,1,421,Potential Loyalists
13272,31,2,276.56,4,2,1,421,Potential Loyalists
16313,3,2,274.15000000000003,5,2,1,521,Potential Loyalists
13917,50,2,272.04,4,2,1,421,Potential Loyalists
13606,29,3,271.86,4,3,1,431,Potential Loyalists
13058,25,3,271.40000000000003,4,3,1,431,Potential Loyalists
14520,2,2,270.6,5,2,1,521,Potential Loyalists
14039,33,2,267.28000000000003,4,2,1,421,Potential Loyalists
12962,7,2,266.39,5,2,1,521,Potential Loyalists
13189,19,2,260.68,4,2,1,421,Potential Loyalists
17901,29,3,260.08,4,3,1,431,Potential Loyalists
17022,31,2,260.0,4,3,1,431,Potential Loyalists
15423,38,3,259.39,4,3,1,431,Potential Loyalists
15014,43,2,257.67,4,2,1,421,Potential Loyalists
17896,23,1,256.32,4,2,1,421,Potential Loyalists
14765,29,3,254.11,4,3,1,431,Potential Loyalists
17219,32,2,254.03,4,3,1,431,Potential Loyalists
13404,1,2,252.49,5,2,1,521,Potential Loyalists
17385,15,1,252.31,5,2,1,521,Potential Loyalists
13592,36,4,247.95999999999998,4,3,1,431,Potential Loyalists
14658,5,2,247.15,5,2,1,521,Potential Loyalists
16793,57,1,243.84,4,2,1,421,Potential Loyalists
15690,4,2,239.76,5,2,1,521,Potential Loyalists
17684,44,1,239.41,4,2,1,421,Potential Loyalists
14995,39,2,231.98000000000002,4,2,1,421,Potential Loyalists
18030,4,2,230.64999999999998,5,3,1,531,Potential Loyalists
17125,50,1,230.5,4,2,1,421,Potential Loyalists
13960,21,2,230.22,4,2,1,421,Potential Loyalists
13403,18,3,229.5,5,3,1,531,Potential Loyalists
18005,4,2,226.47,5,3,1,531,Potential Loyalists
16753,58,1,223.92000000000002,4,2,1,421,Potential Loyalists
16542,54,2,222.52,4,2,1,421,Potential Loyalists
14960,8,2,221.27,5,2,1,521,Potential Loyalists
13992,30,3,219.5,4,3,1,431,Potential Loyalists
16666,19,2,217.71,5,2,1,521,Potential Loyalists
16189,16,2,215.48,5,2,1,521,Potential Loyalists
17153,24,1,213.78,4,2,1,421,Potential Loyalists
13651,40,2,211.85,4,2,1,421,Potential Loyalists
17166,39,2,206.34,4,3,1,431,Potential Loyalists
17206,53,1,204.24,4,2,1,421,Potential Loyalists
14385,9,3,202.10999999999999,5,3,1,531,Potential Loyalists
13978,15,2,196.79,5,2,1,521,Potential Loyalists
17010,18,1,195.36,5,2,1,521,Potential Loyalists
17468,10,3,194.8,5,3,1,531,Potential Loyalists
14768,17,2,192.60000000000002,5,2,1,521,Potential Loyalists
17279,58,1,187.82999999999998,4,2,1,421,Potential Loyalists
16914,36,1,183.76,4,2,1,421,Potential Loyalists
13460,29,2,183.44,4,2,1,421,Potential Loyalists
17904,21,1,181.07,4,2,1,421,Potential Loyalists
15612,36,2,180.15,4,2,1,421,Potential Loyalists
18147,46,2,179.34,4,3,1,431,Potential Loyalists
18045,45,1,178.34,4,2,1,421,Potential Loyalists
17253,18,1,178.26,5,2,1,521,Potential Loyalists
18282,8,2,178.05,5,3,1,531,Potential Loyalists
17947,37,1,176.68,4,2,1,421,Potential Loyalists
14287,8,3,176.63,5,3,1,531,Potential Loyalists
14495,51,3,174.8,4,3,1,431,Potential Loyalists
15565,50,2,173.16000000000003,4,2,1,421,Potential Loyalists
17737,9,2,168.24,5,3,1,531,Potential Loyalists
17436,2,3,166.86,5,3,1,531,Potential Loyalists
17650,21,1,166.07999999999998,4,2,1,421,Potential Loyalists
14354,6,2,163.62,5,2,1,521,Potential Loyalists
18174,7,2,162.5,5,3,1,531,Potential Loyalists
17600,18,1,161.67000000000002,5,2,1,521,Potential Loyalists
12522,39,2,156.72,4,2,1,421,Potential Loyalists
18274,30,1,156.12,4,2,1,421,Potential Loyalists
17832,50,1,155.37,4,2,1,421,Potential Loyalists
17885,12,1,151.24,5,2,1,521,Potential Loyalists
17549,24,2,148.86,4,3,1,431,Potential Loyalists
15526,33,2,148.44,4,2,1,421,Potential Loyalists
16852,10,2,144.91,5,3,1,531,Potential Loyalists
18014,28,1,144.07,4,2,1,421,Potential Loyalists
17186,47,2,144.0,4,3,1,431,Potential Loyalists
18209,29,1,139.10000000000002,4,2,1,421,Potential Loyalists
17297,17,1,128.18,5,2,1,521,Potential Loyalists
17148,52,1,124.88,4,2,1,421,Potential Loyalists
18015,4,1,114.57,5,2,1,521,Potential Loyalists
18105,38,1,113.48000000000002,4,2,1,421,Potential Loyalists
17836,47,1,109.83,4,2,1,421,Potential Loyalists
17791,30,1,106.1,4,2,1,421,Potential Loyalists
14836,10,3,102.45,5,3,1,531,Potential Loyalists
17538,26,1,98.42,4,2,1,421,Potential Loyalists
17024,45,3,95.85,4,3,1,431,Potential Loyalists
17895,44,1,95.45,4,2,1,421,Potential Loyalists
18249,17,1,95.34,5,2,1,521,Potential Loyalists
14865,7,4,92.52,5,3,1,531,Potential Loyalists
16506,20,2,90.30000000000001,4,2,1,421,Potential Loyalists
16789,8,1,80.80000000000001,5,2,1,521,Potential Loyalists
17942,8,1,77.50000000000001,5,2,1,521,Potential Loyalists
14785,10,2,77.4,5,2,1,521,Potential Loyalists
15516,45,3,62.43,4,3,1,431,Potential Loyalists
18184,15,1,49.8,5,2,1,521,Potential Loyalists
18019,52,1,38.45,4,2,1,421,Potential Loyalists
17831,33,1,35.400000000000006,4,2,1,421,Potential Loyalists
16953,30,1,20.8,4,2,1,421,Potential Loyalists
17986,56,1,20.8,4,2,1,421,Potential Loyalists
12611,52,1,1193.32,4,1,3,413,Recent Customers
13853,57,1,1090.1399999999999,4,1,3,413,Recent Customers
16260,51,1,1035.45,4,1,3,413,Recent Customers
12446,58,1,1002.3100000000001,4,1,3,413,Recent Customers
15576,38,1,921.37,4,1,3,413,Recent Customers
14015,53,1,917.34,4,1,3,413,Recent Customers
15066,53,1,893.59,4,1,3,413,Recent Customers
12713,1,1,794.55,5,1,3,513,Recent Customers
16505,32,1,777.6,4,1,3,413,Recent Customers
14923,51,1,731.7,4,1,3,413,Recent Customers
16056,45,1,650.75,4,1,3,413,Recent Customers
12658,19,1,632.05,4,1,3,413,Recent Customers
12603,22,1,613.1999999999999,4,1,3,413,Recent Customers
15275,38,1,595.34,4,1,2,412,Recent Customers
15830,38,1,576.0,4,1,2,412,Recent Customers
12478,4,1,545.99,5,1,2,512,Recent Customers
15539,7,1,538.46,5,1,2,512,Recent Customers
14158,40,1,507.65999999999997,4,1,2,412,Recent Customers
13732,28,1,491.86,4,1,2,412,Recent Customers
15000,48,1,490.52,4,1,2,412,Recent Customers
13176,46,1,481.49,4,1,2,412,Recent Customers
15721,12,1,471.40000000000003,5,1,2,512,Recent Customers
15557,29,1,468.91,4,1,2,412,Recent Customers
12667,58,1,460.13,4,1,2,412,Recent Customers
16504,25,1,450.58,4,1,2,412,Recent Customers
14638,51,1,443.6,4,1,2,412,Recent Customers
16025,30,1,439.65999999999997,4,1,2,412,Recent Customers
14093,12,1,433.86,5,1,2,512,Recent Customers
12479,11,1,433.6,5,1,2,512,Recent Customers
13153,6,1,430.06000000000006,5,1,2,512,Recent Customers
15450,30,1,429.84,4,1,2,412,Recent Customers
15360,40,1,427.93,4,1,2,412,Recent Customers
12491,39,1,424.40000000000003,4,1,2,412,Recent Customers
16207,25,1,394.38,4,1,2,412,Recent Customers
15345,46,1,393.54,4,1,2,412,Recent Customers
14752,44,1,389.64000000000004,4,1,2,412,Recent Customers
15592,47,1,388.58,4,1,2,412,Recent Customers
15725,15,1,384.65000000000003,5,1,2,512,Recent Customers
14950,19,1,371.2,5,1,2,512,Recent Customers
12448,44,1,365.45,4,1,2,412,Recent Customers
14528,37,1,364.21999999999997,4,1,2,412,Recent Customers
16052,54,1,362.06,4,1,2,412,Recent Customers
13844,11,1,361.62,5,1,2,512,Recent Customers
13298,1,1,360.0,5,1,2,512,Recent Customers
14804,9,1,353.27,5,1,2,512,Recent Customers
12617,29,1,352.98,4,1,2,412,Recent Customers
13923,54,1,351.13,4,1,2,412,Recent Customers
12452,17,1,348.57,5,1,2,512,Recent Customers
16423,25,1,346.12,4,1,2,412,Recent Customers
15520,2,1,343.5,5,1,2,512,Recent Customers
13332,14,1,333.5,5,1,2,512,Recent Customers
15153,31,1,329.25,4,1,2,412,Recent Customers
16318,35,1,328.15000000000003,4,1,2,412,Recent Customers
14424,18,1,322.08,5,1,2,512,Recent Customers
13986,17,1,320.46,5,1,2,512,Recent Customers
12795,19,1,318.48,4,1,2,412,Recent Customers
14703,15,1,318.17,5,1,2,512,Recent Customers
12544,36,1,316.7,4,1,2,412,Recent Customers
12532,30,1,313.83000000000004,4,1,2,412,Recent Customers
15699,18,1,309.65,5,1,2,512,Recent Customers
15010,36,1,308.94,4,1,2,412,Recent Customers
16123,52,1,307.78000000000003,4,1,2,412,Recent Customers
13142,19,1,307.09000000000003,4,1,2,412,Recent Customers
13790,4,1,306.68,5,1,2,512,Recent Customers
15667,40,1,301.32000000000005,4,1,2,412,Recent Customers
15148,11,1,301.29,5,1,2,512,Recent Customers
15318,4,1,298.58,5,1,2,512,Recent Customers
12552,40,1,298.02,4,1,2,412,Recent Customers
13449,24,1,291.88,4,1,2,412,Recent Customers
15556,24,1,279.77,4,1,1,411,Recent Customers
14764,47,1,278.3,4,1,1,411,Recent Customers
12558,8,1,269.96,5,1,1,511,Recent Customers
15320,44,1,267.13,4,1,1,411,Recent Customers
14863,29,1,266.76,4,1,1,411,Recent Customers
14881,20,1,255.4,4,1,1,411,Recent Customers
15783,11,1,246.3,5,1,1,511,Recent Customers
12650,3,1,242.44,5,1,1,511,Recent Customers
15286,50,1,240.55,4,1,1,411,Recent Customers
15619,11,1,236.8,5,1,1,511,Recent Customers
16026,43,1,236.09,4,1,1,411,Recent Customers
16528,4,1,230.37,5,1,1,511,Recent Customers
12812,45,1,229.64000000000001,4,1,1,411,Recent Customers
13146,26,1,228.91,4,1,1,411,Recent Customers
12660,11,1,227.10000000000002,5,1,1,511,Recent Customers
14357,43,1,225.12,4,1,1,411,Recent Customers
13926,23,1,223.85000000000002,4,1,1,411,Recent Customers
16482,16,1,220.62,5,1,1,511,Recent Customers
15096,43,1,219.39000000000001,4,1,1,411,Recent Customers
15790,10,1,218.75,5,1,1,511,Recent Customers
12430,43,1,216.4,4,1,1,411,Recent Customers
15604,52,1,216.39000000000001,4,1,1,411,Recent Customers
13858,57,1,216.17000000000002,4,1,1,411,Recent Customers
13271,37,1,211.49,4,1,1,411,Recent Customers
13828,22,1,209.49,4,1,1,411,Recent Customers
15327,53,1,208.75,4,1,1,411,Recent Customers
13532,34,1,205.96,4,1,1,411,Recent Customers
15758,25,1,205.25,4,1,1,411,Recent Customers
13017,7,1,204.0,5,1,1,511,Recent Customers
14601,11,1,202.56,5,1,1,511,Recent Customers
12702,20,1,201.0,4,1,1,411,Recent Customers
13322,17,1,199.48000000000002,5,1,1,511,Recent Customers
13349,11,1,197.32,5,1,1,511,Recent Customers
13436,2,1,196.89,5,1,1,511,Recent Customers
15692,28,1,191.04,4,1,1,411,Recent Customers
14830,53,1,188.03,4,1,1,411,Recent Customers
15567,19,1,186.01,5,1,1,511,Recent Customers
14789,29,1,180.24,4,1,1,411,Recent Customers
14666,24,1,179.95,4,1,1,411,Recent Customers
12581,40,1,179.71,4,1,1,411,Recent Customers
12893,31,1,176.55,4,1,1,411,Recent Customers
13560,7,1,171.42000000000002,5,1,1,511,Recent Customers
14860,19,1,170.32,5,1,1,511,Recent Customers
15335,54,1,170.22,4,1,1,411,Recent Customers
14218,43,1,169.48000000000002,4,1,1,411,Recent Customers
14578,3,1,168.63,5,1,1,511,Recent Customers
15904,8,1,164.68,5,1,1,511,Recent Customers
13603,26,1,164.34,4,1,1,411,Recent Customers
14485,39,1,162.8,4,1,1,411,Recent Customers
12966,10,1,160.18,5,1,1,511,Recent Customers
14089,57,1,158.75,4,1,1,411,Recent Customers
15740,49,1,154.88,4,1,1,411,Recent Customers
13697,39,1,151.3,4,1,1,411,Recent Customers
16337,37,1,151.05,4,1,1,411,Recent Customers
14073,32,1,151.04,4,1,1,411,Recent Customers
12367,4,1,150.9,5,1,1,511,Recent Customers
15435,22,1,144.34,4,1,1,411,Recent Customers
12442,3,1,144.06,5,1,1,511,Recent Customers
14362,22,1,143.85,4,1,1,411,Recent Customers
15836,50,1,137.37,4,1,1,411,Recent Customers
12618,22,1,137.31,4,1,1,411,Recent Customers
14174,33,1,134.46,4,1,1,411,Recent Customers
14349,10,1,133.5,5,1,1,511,Recent Customers
15844,46,1,130.73999999999998,4,1,1,411,Recent Customers
15463,29,1,126.14,4,1,1,411,Recent Customers
13522,30,1,125.80000000000001,4,1,1,411,Recent Customers
15017,34,1,125.58,4,1,1,411,Recent Customers
13638,16,1,122.64,5,1,1,511,Recent Customers
13182,45,1,121.18,4,1,1,411,Recent Customers
15419,25,1,118.46000000000001,4,1,1,411,Recent Customers
12938,26,1,114.14,4,1,1,411,Recent Customers
14582,41,1,114.11,4,1,1,411,Recent Customers
15610,52,1,112.46000000000001,4,1,1,411,Recent Customers
15853,52,1,110.8,4,1,1,411,Recent Customers
14641,22,1,110.46000000000001,4,1,1,411,Recent Customers
16363,53,1,109.36000000000001,4,1,1,411,Recent Customers
14345,39,1,108.98,4,1,1,411,Recent Customers
13170,27,1,108.81,4,1,1,411,Recent Customers
14661,27,1,107.95,4,1,1,411,Recent Customers
15168,26,1,106.56,4,1,1,411,Recent Customers
12587,8,1,104.0,5,1,1,511,Recent Customers
16516,30,1,101.69999999999999,4,1,1,411,Recent Customers
14946,14,1,100.9,5,1,1,511,Recent Customers
13188,11,1,99.6,5,1,1,511,Recent Customers
12984,19,1,97.5,4,1,1,411,Recent Customers
13160,22,1,91.8,4,1,1,411,Recent Customers
16597,4,1,90.04,5,1,1,511,Recent Customers
14974,37,1,89.94,4,1,1,411,Recent Customers
14098,37,1,86.14999999999999,4,1,1,411,Recent Customers
13006,56,1,81.57,4,1,1,411,Recent Customers
12659,30,1,73.67999999999999,4,1,1,411,Recent Customers
16171,59,1,73.19999999999999,4,1,1,411,Recent Customers
13938,35,1,71.66,4,1,1,411,Recent Customers
13366,50,1,56.16,4,1,1,411,Recent Customers
14300,19,1,43.2,5,1,1,511,Recent Customers
15657,23,1,30.0,4,1,1,411,Recent Customers
